variant,bytes,iterations,key,calls,seconds,pct_time_sum,calls_per_iter,usec_per_iter,usec_per_call,calls_per_byte,usec_per_byte
alloc,1000000,100,brk,3,2.8e-05,0.1,0.03,0.28,9.333333333333334,3e-06,2.8e-05
alloc,1000000,100,clone3,1,0.000131,0.47,0.01,1.31,131.0,1e-06,0.000131
alloc,1000000,100,close,5,8.5e-05,0.31,0.05,0.85,17.0,5e-06,8.5e-05
alloc,1000000,100,execve,1,0.0,0.0,0.01,0.0,0.0,1e-06,0.0
alloc,1000000,100,faccessat,1,0.0,0.0,0.01,0.0,0.0,1e-06,0.0
alloc,1000000,100,fstat,6,0.000222,0.8,0.06,2.22,37.0,6e-06,0.000222
alloc,1000000,100,futex,103,0.025054,90.11,1.03,250.54,243.24271844660194,0.000103,0.025054
alloc,1000000,100,getrandom,1,1.6e-05,0.06,0.01,0.16,16.0,1e-06,1.6e-05
alloc,1000000,100,ioctl,1,0.00079,2.84,0.01,7.9,790.0,1e-06,0.00079
alloc,1000000,100,madvise,1,5.3e-05,0.19,0.01,0.53,53.0,1e-06,5.3e-05
alloc,1000000,100,mmap,21,0.000527,1.9,0.21,5.27,25.095238095238095,2.1e-05,0.000527
alloc,1000000,100,mprotect,10,0.000207,0.74,0.1,2.07,20.7,1e-05,0.000207
alloc,1000000,100,munmap,10,0.000327,1.18,0.1,3.27,32.7,1e-05,0.000327
alloc,1000000,100,openat,5,9.7e-05,0.35,0.05,0.97,19.4,5e-06,9.7e-05
alloc,1000000,100,pread64,2,3e-05,0.11,0.02,0.3,15.0,2e-06,3e-05
alloc,1000000,100,prlimit64,1,1.5e-05,0.05,0.01,0.15,15.0,1e-06,1.5e-05
alloc,1000000,100,read,4,7.1e-05,0.26,0.04,0.71,17.75,4e-06,7.1e-05
alloc,1000000,100,rseq,1,1.6e-05,0.06,0.01,0.16,16.0,1e-06,1.6e-05
alloc,1000000,100,rt_sigaction,1,2.1e-05,0.08,0.01,0.21,21.0,1e-06,2.1e-05
alloc,1000000,100,rt_sigprocmask,3,6.4e-05,0.23,0.03,0.64,21.333333333333332,3e-06,6.4e-05
alloc,1000000,100,set_robust_list,1,1.4e-05,0.05,0.01,0.14,14.0,1e-06,1.4e-05
alloc,1000000,100,set_tid_address,1,2.1e-05,0.08,0.01,0.21,21.0,1e-06,2.1e-05
alloc,1000000,100,write,1,1.4e-05,0.05,0.01,0.14,14.0,1e-06,1.4e-05
alloc,1000000,5000,brk,3,3.2e-05,0.0,0.0006,0.0064,10.666666666666666,3e-06,3.2e-05
alloc,1000000,5000,clone3,1,5.3e-05,0.0,0.0002,0.0106,53.0,1e-06,5.3e-05
alloc,1000000,5000,close,5,6.5e-05,0.01,0.001,0.013,13.0,5e-06,6.5e-05
alloc,1000000,5000,execve,1,0.000837,0.07,0.0002,0.1674,837.0,1e-06,0.000837
alloc,1000000,5000,faccessat,1,2e-05,0.0,0.0002,0.004,20.0,1e-06,2e-05
alloc,1000000,5000,fstat,6,0.000176,0.01,0.0012,0.0352,29.333333333333332,6e-06,0.000176
alloc,1000000,5000,futex,5004,1.266236,99.78,1.0008,253.2472,253.04476418864908,0.005004,1.266236
alloc,1000000,5000,getrandom,1,1e-05,0.0,0.0002,0.002,10.0,1e-06,1e-05
alloc,1000000,5000,ioctl,1,0.0001,0.01,0.0002,0.02,100.0,1e-06,0.0001
alloc,1000000,5000,madvise,1,1.8e-05,0.0,0.0002,0.0036,18.0,1e-06,1.8e-05
alloc,1000000,5000,mmap,21,0.000572,0.05,0.0042,0.1144,27.238095238095237,2.1e-05,0.000572
alloc,1000000,5000,mprotect,10,0.000155,0.01,0.002,0.031,15.5,1e-05,0.000155
alloc,1000000,5000,munmap,10,0.000356,0.03,0.002,0.0712,35.6,1e-05,0.000356
alloc,1000000,5000,openat,5,0.00011,0.01,0.001,0.022,22.0,5e-06,0.00011
alloc,1000000,5000,pread64,2,4.5e-05,0.0,0.0004,0.009,22.5,2e-06,4.5e-05
alloc,1000000,5000,prlimit64,1,1.3e-05,0.0,0.0002,0.0026,13.0,1e-06,1.3e-05
alloc,1000000,5000,read,4,5.5e-05,0.0,0.0008,0.011,13.75,4e-06,5.5e-05
alloc,1000000,5000,rseq,1,1e-05,0.0,0.0002,0.002,10.0,1e-06,1e-05
alloc,1000000,5000,rt_sigaction,1,9e-06,0.0,0.0002,0.0018,9.0,1e-06,9e-06
alloc,1000000,5000,rt_sigprocmask,3,0.000104,0.01,0.0006,0.0208,34.666666666666664,3e-06,0.000104
alloc,1000000,5000,set_robust_list,1,1e-05,0.0,0.0002,0.002,10.0,1e-06,1e-05
alloc,1000000,5000,set_tid_address,1,1e-05,0.0,0.0002,0.002,10.0,1e-06,1e-05
alloc,1000000,5000,write,1,1.5e-05,0.0,0.0002,0.003,15.0,1e-06,1.5e-05
alloc,1000000,10000,brk,3,3.5e-05,0.0,0.0003,0.0035,11.666666666666666,3e-06,3.5e-05
alloc,1000000,10000,clone3,1,4.9e-05,0.0,0.0001,0.0049,49.0,1e-06,4.9e-05
alloc,1000000,10000,close,5,0.000132,0.01,0.0005,0.0132,26.4,5e-06,0.000132
alloc,1000000,10000,execve,1,0.000164,0.01,0.0001,0.0164,164.0,1e-06,0.000164
alloc,1000000,10000,faccessat,1,1.4e-05,0.0,0.0001,0.0014,14.0,1e-06,1.4e-05
alloc,1000000,10000,fstat,6,0.000267,0.01,0.0006,0.0267,44.5,6e-06,0.000267
alloc,1000000,10000,futex,10001,2.425652,99.85,1.0001,242.5652,242.54094590540947,0.010001,2.425652
alloc,1000000,10000,getrandom,1,1.1e-05,0.0,0.0001,0.0011,11.0,1e-06,1.1e-05
alloc,1000000,10000,ioctl,1,6.6e-05,0.0,0.0001,0.0066,66.0,1e-06,6.6e-05
alloc,1000000,10000,madvise,1,1.5e-05,0.0,0.0001,0.0015,15.0,1e-06,1.5e-05
alloc,1000000,10000,mmap,21,0.000619,0.03,0.0021,0.0619,29.476190476190474,2.1e-05,0.000619
alloc,1000000,10000,mprotect,10,0.000161,0.01,0.001,0.0161,16.1,1e-05,0.000161
alloc,1000000,10000,munmap,10,0.001304,0.05,0.001,0.1304,130.4,1e-05,0.001304
alloc,1000000,10000,openat,5,0.000107,0.0,0.0005,0.0107,21.4,5e-06,0.000107
alloc,1000000,10000,pread64,2,6.7e-05,0.0,0.0002,0.0067,33.5,2e-06,6.7e-05
alloc,1000000,10000,prlimit64,1,8e-06,0.0,0.0001,0.0008,8.0,1e-06,8e-06
alloc,1000000,10000,read,4,9.3e-05,0.0,0.0004,0.0093,23.25,4e-06,9.3e-05
alloc,1000000,10000,rseq,1,1e-05,0.0,0.0001,0.001,10.0,1e-06,1e-05
alloc,1000000,10000,rt_sigaction,1,1e-05,0.0,0.0001,0.001,10.0,1e-06,1e-05
alloc,1000000,10000,rt_sigprocmask,3,8.5e-05,0.0,0.0003,0.0085,28.333333333333332,3e-06,8.5e-05
alloc,1000000,10000,sched_yield,3,0.000473,0.02,0.0003,0.0473,157.66666666666666,3e-06,0.000473
alloc,1000000,10000,set_robust_list,1,1.5e-05,0.0,0.0001,0.0015,15.0,1e-06,1.5e-05
alloc,1000000,10000,set_tid_address,1,1.8e-05,0.0,0.0001,0.0018,18.0,1e-06,1.8e-05
alloc,1000000,10000,write,1,2.3e-05,0.0,0.0001,0.0023,23.0,1e-06,2.3e-05
alloc,1000000,50000,brk,3,4.6e-05,0.0,6e-05,0.00092,15.333333333333334,3e-06,4.6e-05
alloc,1000000,50000,clone3,1,4.1e-05,0.0,2e-05,0.00082,41.0,1e-06,4.1e-05
alloc,1000000,50000,close,5,3.8e-05,0.0,0.0001,0.00076,7.6,5e-06,3.8e-05
alloc,1000000,50000,execve,1,0.0,0.0,2e-05,0.0,0.0,1e-06,0.0
alloc,1000000,50000,faccessat,1,0.0,0.0,2e-05,0.0,0.0,1e-06,0.0
alloc,1000000,50000,fstat,6,0.000259,0.0,0.00012,0.00518,43.166666666666664,6e-06,0.000259
alloc,1000000,50000,futex,49999,11.444607,99.96,0.99998,228.89214,228.8967179343587,0.049999,11.444607
alloc,1000000,50000,getrandom,1,1.2e-05,0.0,2e-05,0.00024,12.0,1e-06,1.2e-05
alloc,1000000,50000,ioctl,1,0.00011,0.0,2e-05,0.0022,110.0,1e-06,0.00011
alloc,1000000,50000,madvise,1,1.4e-05,0.0,2e-05,0.00028,14.0,1e-06,1.4e-05
alloc,1000000,50000,mmap,21,0.00042,0.0,0.00042,0.0084,20.0,2.1e-05,0.00042
alloc,1000000,50000,mprotect,10,0.000189,0.0,0.0002,0.00378,18.9,1e-05,0.000189
alloc,1000000,50000,munmap,10,0.002155,0.02,0.0002,0.0431,215.5,1e-05,0.002155
alloc,1000000,50000,openat,5,0.000142,0.0,0.0001,0.00284,28.4,5e-06,0.000142
alloc,1000000,50000,pread64,2,2.5e-05,0.0,4e-05,0.0005,12.5,2e-06,2.5e-05
alloc,1000000,50000,prlimit64,1,9e-06,0.0,2e-05,0.00018,9.0,1e-06,9e-06
alloc,1000000,50000,read,4,6.8e-05,0.0,8e-05,0.00136,17.0,4e-06,6.8e-05
alloc,1000000,50000,rseq,1,1e-05,0.0,2e-05,0.0002,10.0,1e-06,1e-05
alloc,1000000,50000,rt_sigaction,1,1.1e-05,0.0,2e-05,0.00022,11.0,1e-06,1.1e-05
alloc,1000000,50000,rt_sigprocmask,3,0.000111,0.0,6e-05,0.00222,37.0,3e-06,0.000111
alloc,1000000,50000,sched_yield,9,0.000869,0.01,0.00018,0.01738,96.55555555555556,9e-06,0.000869
alloc,1000000,50000,set_robust_list,1,3.3e-05,0.0,2e-05,0.00066,33.0,1e-06,3.3e-05
alloc,1000000,50000,set_tid_address,1,1.2e-05,0.0,2e-05,0.00024,12.0,1e-06,1.2e-05
alloc,1000000,50000,write,1,3.2e-05,0.0,2e-05,0.00064,32.0,1e-06,3.2e-05
alloc,1000000,100000,brk,3,2.4e-05,0.0,3e-05,0.00024,8.0,3e-06,2.4e-05
alloc,1000000,100000,clone3,1,4.4e-05,0.0,1e-05,0.00044,44.0,1e-06,4.4e-05
alloc,1000000,100000,close,5,0.000157,0.0,5e-05,0.00157,31.4,5e-06,0.000157
alloc,1000000,100000,execve,1,0.0,0.0,1e-05,0.0,0.0,1e-06,0.0
alloc,1000000,100000,faccessat,1,0.0,0.0,1e-05,0.0,0.0,1e-06,0.0
alloc,1000000,100000,fstat,6,0.000549,0.0,6e-05,0.00549,91.5,6e-06,0.000549
alloc,1000000,100000,futex,99991,22.032815,99.96,0.99991,220.32815,220.34798131831866,0.099991,22.032815
alloc,1000000,100000,getrandom,1,1.2e-05,0.0,1e-05,0.00012,12.0,1e-06,1.2e-05
alloc,1000000,100000,ioctl,1,0.000144,0.0,1e-05,0.00144,144.0,1e-06,0.000144
alloc,1000000,100000,madvise,1,1.2e-05,0.0,1e-05,0.00012,12.0,1e-06,1.2e-05
alloc,1000000,100000,mmap,21,0.000576,0.0,0.00021,0.00576,27.428571428571427,2.1e-05,0.000576
alloc,1000000,100000,mprotect,10,0.000221,0.0,0.0001,0.00221,22.1,1e-05,0.000221
alloc,1000000,100000,munmap,10,0.002751,0.01,0.0001,0.02751,275.1,1e-05,0.002751
alloc,1000000,100000,openat,5,0.000102,0.0,5e-05,0.00102,20.4,5e-06,0.000102
alloc,1000000,100000,pread64,2,3e-05,0.0,2e-05,0.0003,15.0,2e-06,3e-05
alloc,1000000,100000,prlimit64,1,7e-06,0.0,1e-05,7e-05,7.0,1e-06,7e-06
alloc,1000000,100000,read,4,0.000102,0.0,4e-05,0.00102,25.5,4e-06,0.000102
alloc,1000000,100000,rseq,1,2e-05,0.0,1e-05,0.0002,20.0,1e-06,2e-05
alloc,1000000,100000,rt_sigaction,1,1.4e-05,0.0,1e-05,0.00014,14.0,1e-06,1.4e-05
alloc,1000000,100000,rt_sigprocmask,3,0.00027,0.0,3e-05,0.0027,90.0,3e-06,0.00027
alloc,1000000,100000,sched_yield,33,0.003516,0.02,0.00033,0.03516,106.54545454545455,3.3e-05,0.003516
alloc,1000000,100000,set_robust_list,1,1e-05,0.0,1e-05,0.0001,10.0,1e-06,1e-05
alloc,1000000,100000,set_tid_address,1,1.4e-05,0.0,1e-05,0.00014,14.0,1e-06,1.4e-05
alloc,1000000,100000,write,1,0.0,0.0,1e-05,0.0,0.0,1e-06,0.0
alloc,5000000,100,brk,3,4e-05,0.13,0.03,0.4,13.333333333333334,6e-07,8e-06
alloc,5000000,100,clone3,1,6.4e-05,0.21,0.01,0.64,64.0,2e-07,1.28e-05
alloc,5000000,100,close,5,4.9e-05,0.16,0.05,0.49,9.8,1e-06,9.8e-06
alloc,5000000,100,execve,1,0.0,0.0,0.01,0.0,0.0,2e-07,0.0
alloc,5000000,100,faccessat,1,0.0,0.0,0.01,0.0,0.0,2e-07,0.0
alloc,5000000,100,fstat,6,0.000158,0.51,0.06,1.58,26.333333333333332,1.2e-06,3.16e-05
alloc,5000000,100,futex,104,0.026732,86.64,1.04,267.32,257.03846153846155,2.08e-05,0.0053464
alloc,5000000,100,getrandom,1,2.7e-05,0.09,0.01,0.27,27.0,2e-07,5.4e-06
alloc,5000000,100,ioctl,1,7e-05,0.23,0.01,0.7,70.0,2e-07,1.4e-05
alloc,5000000,100,madvise,1,2.6e-05,0.08,0.01,0.26,26.0,2e-07,5.2e-06
alloc,5000000,100,mmap,21,0.000871,2.82,0.21,8.71,41.476190476190474,4.2e-06,0.0001742
alloc,5000000,100,mprotect,10,0.00035,1.13,0.1,3.5,35.0,2e-06,7e-05
alloc,5000000,100,munmap,10,0.001872,6.07,0.1,18.72,187.2,2e-06,0.0003744
alloc,5000000,100,openat,5,0.000147,0.48,0.05,1.47,29.4,1e-06,2.94e-05
alloc,5000000,100,pread64,2,3.3e-05,0.11,0.02,0.33,16.5,4e-07,6.6e-06
alloc,5000000,100,prlimit64,1,2.7e-05,0.09,0.01,0.27,27.0,2e-07,5.4e-06
alloc,5000000,100,read,4,8.7e-05,0.28,0.04,0.87,21.75,8e-07,1.74e-05
alloc,5000000,100,rseq,1,1.4e-05,0.05,0.01,0.14,14.0,2e-07,2.8e-06
alloc,5000000,100,rt_sigaction,1,1.8e-05,0.06,0.01,0.18,18.0,2e-07,3.6e-06
alloc,5000000,100,rt_sigprocmask,3,0.000221,0.72,0.03,2.21,73.66666666666667,6e-07,4.42e-05
alloc,5000000,100,set_robust_list,1,1.2e-05,0.04,0.01,0.12,12.0,2e-07,2.4e-06
alloc,5000000,100,set_tid_address,1,1.9e-05,0.06,0.01,0.19,19.0,2e-07,3.8e-06
alloc,5000000,100,write,1,1.7e-05,0.06,0.01,0.17,17.0,2e-07,3.4e-06
alloc,5000000,5000,brk,3,2.7e-05,0.0,0.0006,0.0054,9.0,6e-07,5.4e-06
alloc,5000000,5000,clone3,1,4.3e-05,0.0,0.0002,0.0086,43.0,2e-07,8.6e-06
alloc,5000000,5000,close,5,0.0,0.0,0.001,0.0,0.0,1e-06,0.0
alloc,5000000,5000,execve,1,0.0,0.0,0.0002,0.0,0.0,2e-07,0.0
alloc,5000000,5000,faccessat,1,0.0,0.0,0.0002,0.0,0.0,2e-07,0.0
alloc,5000000,5000,fstat,6,0.0001,0.01,0.0012,0.02,16.666666666666668,1.2e-06,2e-05
alloc,5000000,5000,futex,5003,1.161318,99.9,1.0006,232.2636,232.12432540475714,0.0010006,0.2322636
alloc,5000000,5000,getrandom,1,2.1e-05,0.0,0.0002,0.0042,21.0,2e-07,4.2e-06
alloc,5000000,5000,ioctl,1,0.000123,0.01,0.0002,0.024600000000000004,123.00000000000001,2e-07,2.46e-05
alloc,5000000,5000,madvise,1,1.7e-05,0.0,0.0002,0.0034,17.0,2e-07,3.4e-06
alloc,5000000,5000,mmap,21,0.000277,0.02,0.0042,0.0554,13.19047619047619,4.2e-06,5.54e-05
alloc,5000000,5000,mprotect,10,0.000184,0.02,0.002,0.0368,18.4,2e-06,3.68e-05
alloc,5000000,5000,munmap,10,2.5e-05,0.0,0.002,0.005,2.5,2e-06,5e-06
alloc,5000000,5000,openat,5,0.0,0.0,0.001,0.0,0.0,1e-06,0.0
alloc,5000000,5000,pread64,2,0.0,0.0,0.0004,0.0,0.0,4e-07,0.0
alloc,5000000,5000,prlimit64,1,1.2e-05,0.0,0.0002,0.0024,12.0,2e-07,2.4e-06
alloc,5000000,5000,read,4,0.0,0.0,0.0008,0.0,0.0,8e-07,0.0
alloc,5000000,5000,rseq,1,2.4e-05,0.0,0.0002,0.0048,24.0,2e-07,4.8e-06
alloc,5000000,5000,rt_sigaction,1,2e-05,0.0,0.0002,0.004,20.0,2e-07,4e-06
alloc,5000000,5000,rt_sigprocmask,3,3.8e-05,0.0,0.0006,0.0076,12.666666666666666,6e-07,7.6e-06
alloc,5000000,5000,sched_yield,1,0.000151,0.01,0.0002,0.0302,151.0,2e-07,3.02e-05
alloc,5000000,5000,set_robust_list,1,2.7e-05,0.0,0.0002,0.0054,27.0,2e-07,5.4e-06
alloc,5000000,5000,set_tid_address,1,3.7e-05,0.0,0.0002,0.0074,37.0,2e-07,7.4e-06
alloc,5000000,5000,write,1,0.0,0.0,0.0002,0.0,0.0,2e-07,0.0
alloc,5000000,10000,brk,3,6.8e-05,0.0,0.0003,0.0068,22.666666666666668,6e-07,1.36e-05
alloc,5000000,10000,clone3,1,0.0,0.0,0.0001,0.0,0.0,2e-07,0.0
alloc,5000000,10000,close,5,7.1e-05,0.0,0.0005,0.0071,14.2,1e-06,1.42e-05
alloc,5000000,10000,execve,1,0.000264,0.01,0.0001,0.0264,264.0,2e-07,5.28e-05
alloc,5000000,10000,faccessat,1,2.2e-05,0.0,0.0001,0.0022,22.0,2e-07,4.4e-06
alloc,5000000,10000,fstat,6,0.000184,0.01,0.0006,0.0184,30.666666666666668,1.2e-06,3.68e-05
alloc,5000000,10000,futex,10003,2.400736,99.87,1.0003,240.0736,240.00159952014397,0.0020006,0.4801472
alloc,5000000,10000,getrandom,1,0.0,0.0,0.0001,0.0,0.0,2e-07,0.0
alloc,5000000,10000,ioctl,1,8.4e-05,0.0,0.0001,0.0084,84.0,2e-07,1.68e-05
alloc,5000000,10000,madvise,1,0.0,0.0,0.0001,0.0,0.0,2e-07,0.0
alloc,5000000,10000,mmap,21,0.000484,0.02,0.0021,0.0484,23.047619047619047,4.2e-06,9.68e-05
alloc,5000000,10000,mprotect,10,0.000192,0.01,0.001,0.0192,19.2,2e-06,3.84e-05
alloc,5000000,10000,munmap,10,0.000953,0.04,0.001,0.0953,95.3,2e-06,0.0001906
alloc,5000000,10000,openat,5,9.7e-05,0.0,0.0005,0.0097,19.4,1e-06,1.94e-05
alloc,5000000,10000,pread64,2,3e-05,0.0,0.0002,0.003,15.0,4e-07,6e-06
alloc,5000000,10000,prlimit64,1,0.0,0.0,0.0001,0.0,0.0,2e-07,0.0
alloc,5000000,10000,read,4,8.5e-05,0.0,0.0004,0.0085,21.25,8e-07,1.7e-05
alloc,5000000,10000,rseq,1,1.8e-05,0.0,0.0001,0.0018,18.0,2e-07,3.6e-06
alloc,5000000,10000,rt_sigaction,1,0.0,0.0,0.0001,0.0,0.0,2e-07,0.0
alloc,5000000,10000,rt_sigprocmask,3,0.0,0.0,0.0003,0.0,0.0,6e-07,0.0
alloc,5000000,10000,sched_yield,4,0.000622,0.03,0.0004,0.0622,155.5,8e-07,0.0001244
alloc,5000000,10000,set_robust_list,1,1.5e-05,0.0,0.0001,0.0015,15.0,2e-07,3e-06
alloc,5000000,10000,set_tid_address,1,1.2e-05,0.0,0.0001,0.0012,12.0,2e-07,2.4e-06
alloc,5000000,10000,write,1,1.5e-05,0.0,0.0001,0.0015,15.0,2e-07,3e-06
alloc,5000000,50000,brk,3,2.8e-05,0.0,6e-05,0.00056,9.333333333333334,6e-07,5.6e-06
alloc,5000000,50000,clone3,1,2.5e-05,0.0,2e-05,0.0005,25.0,2e-07,5e-06
alloc,5000000,50000,close,5,9e-06,0.0,0.0001,0.00018,1.8,1e-06,1.8e-06
alloc,5000000,50000,execve,1,0.0,0.0,2e-05,0.0,0.0,2e-07,0.0
alloc,5000000,50000,faccessat,1,0.0,0.0,2e-05,0.0,0.0,2e-07,0.0
alloc,5000000,50000,fstat,6,0.00021,0.0,0.00012,0.0042,35.0,1.2e-06,4.2e-05
alloc,5000000,50000,futex,49998,12.020237,99.97,0.99996,240.40474,240.41435657426297,0.0099996,2.4040474
alloc,5000000,50000,getrandom,1,1e-05,0.0,2e-05,0.0002,10.0,2e-07,2e-06
alloc,5000000,50000,ioctl,1,0.000129,0.0,2e-05,0.00258,129.0,2e-07,2.58e-05
alloc,5000000,50000,madvise,1,1.3e-05,0.0,2e-05,0.00026,13.0,2e-07,2.6e-06
alloc,5000000,50000,mmap,21,0.000233,0.0,0.00042,0.00466,11.095238095238095,4.2e-06,4.66e-05
alloc,5000000,50000,mprotect,10,0.000106,0.0,0.0002,0.00212,10.6,2e-06,2.12e-05
alloc,5000000,50000,munmap,9,0.001618,0.01,0.00018,0.03236,179.77777777777777,1.8e-06,0.0003236
alloc,5000000,50000,openat,5,0.0,0.0,0.0001,0.0,0.0,1e-06,0.0
alloc,5000000,50000,pread64,2,0.0,0.0,4e-05,0.0,0.0,4e-07,0.0
alloc,5000000,50000,prlimit64,1,1.1e-05,0.0,2e-05,0.00022,11.0,2e-07,2.2e-06
alloc,5000000,50000,read,4,0.0,0.0,8e-05,0.0,0.0,8e-07,0.0
alloc,5000000,50000,rseq,1,9e-06,0.0,2e-05,0.00018,9.0,2e-07,1.8e-06
alloc,5000000,50000,rt_sigaction,1,9e-06,0.0,2e-05,0.00018,9.0,2e-07,1.8e-06
alloc,5000000,50000,rt_sigprocmask,3,0.000108,0.0,6e-05,0.00216,36.0,6e-07,2.16e-05
alloc,5000000,50000,sched_yield,12,0.001309,0.01,0.00024,0.02618,109.08333333333333,2.4e-06,0.0002618
alloc,5000000,50000,set_robust_list,1,1e-05,0.0,2e-05,0.0002,10.0,2e-07,2e-06
alloc,5000000,50000,set_tid_address,1,1.1e-05,0.0,2e-05,0.00022,11.0,2e-07,2.2e-06
alloc,5000000,50000,write,1,0.0,0.0,2e-05,0.0,0.0,2e-07,0.0
alloc,5000000,100000,brk,3,1.7e-05,0.0,3e-05,0.00017,5.666666666666667,6e-07,3.4e-06
alloc,5000000,100000,clone3,1,2.6e-05,0.0,1e-05,0.00026,26.0,2e-07,5.2e-06
alloc,5000000,100000,close,5,7.9e-05,0.0,5e-05,0.00079,15.8,1e-06,1.58e-05
alloc,5000000,100000,execve,1,0.0,0.0,1e-05,0.0,0.0,2e-07,0.0
alloc,5000000,100000,faccessat,1,0.0,0.0,1e-05,0.0,0.0,2e-07,0.0
alloc,5000000,100000,fstat,6,0.000331,0.0,6e-05,0.00331,55.166666666666664,1.2e-06,6.62e-05
alloc,5000000,100000,futex,99996,23.93131,99.97,0.99996,239.3131,239.32267290691627,0.0199992,4.786262
alloc,5000000,100000,getrandom,1,5e-06,0.0,1e-05,5e-05,5.0,2e-07,1e-06
alloc,5000000,100000,ioctl,1,0.00011,0.0,1e-05,0.0011,110.0,2e-07,2.2e-05
alloc,5000000,100000,madvise,1,9e-06,0.0,1e-05,9e-05,9.0,2e-07,1.8e-06
alloc,5000000,100000,mmap,21,0.000703,0.0,0.00021,0.00703,33.476190476190474,4.2e-06,0.0001406
alloc,5000000,100000,mprotect,10,0.000259,0.0,0.0001,0.00259,25.9,2e-06,5.18e-05
alloc,5000000,100000,munmap,10,0.00257,0.01,0.0001,0.0257,257.0,2e-06,0.000514
alloc,5000000,100000,openat,5,8.2e-05,0.0,5e-05,0.00082,16.4,1e-06,1.64e-05
alloc,5000000,100000,pread64,2,0.000255,0.0,2e-05,0.00255,127.50000000000001,4e-07,5.1000000000000006e-05
alloc,5000000,100000,prlimit64,1,9e-06,0.0,1e-05,9e-05,9.0,2e-07,1.8e-06
alloc,5000000,100000,read,4,7e-05,0.0,4e-05,0.0007,17.5,8e-07,1.4e-05
alloc,5000000,100000,rseq,1,2e-05,0.0,1e-05,0.0002,20.0,2e-07,4e-06
alloc,5000000,100000,rt_sigaction,1,6e-06,0.0,1e-05,6e-05,6.0,2e-07,1.2e-06
alloc,5000000,100000,rt_sigprocmask,3,8.5e-05,0.0,3e-05,0.00085,28.333333333333332,6e-07,1.7e-05
alloc,5000000,100000,sched_yield,28,0.002639,0.01,0.00028,0.02639,94.25,5.6e-06,0.0005278
alloc,5000000,100000,set_robust_list,1,1.7e-05,0.0,1e-05,0.00017,17.0,2e-07,3.4e-06
alloc,5000000,100000,set_tid_address,1,1.9e-05,0.0,1e-05,0.00019,19.0,2e-07,3.8e-06
alloc,5000000,100000,write,1,1.9e-05,0.0,1e-05,0.00019,19.0,2e-07,3.8e-06
alloc,10000000,100,brk,3,4.9e-05,0.17,0.03,0.49,16.333333333333332,3e-07,4.9e-06
alloc,10000000,100,clone3,1,0.0,0.0,0.01,0.0,0.0,1e-07,0.0
alloc,10000000,100,close,5,9.6e-05,0.34,0.05,0.96,19.2,5e-07,9.6e-06
alloc,10000000,100,execve,1,0.000732,2.59,0.01,7.32,732.0,1e-07,7.32e-05
alloc,10000000,100,faccessat,1,1.6e-05,0.06,0.01,0.16,16.0,1e-07,1.6e-06
alloc,10000000,100,fstat,6,0.000112,0.4,0.06,1.12,18.666666666666668,6e-07,1.12e-05
alloc,10000000,100,futex,104,0.024405,86.5,1.04,244.05,234.66346153846155,1.04e-05,0.0024405
alloc,10000000,100,getrandom,1,0.0,0.0,0.01,0.0,0.0,1e-07,0.0
alloc,10000000,100,ioctl,1,7.2e-05,0.26,0.01,0.72,72.0,1e-07,7.2e-06
alloc,10000000,100,madvise,1,0.0,0.0,0.01,0.0,0.0,1e-07,0.0
alloc,10000000,100,mmap,21,0.000664,2.35,0.21,6.64,31.61904761904762,2.1e-06,6.64e-05
alloc,10000000,100,mprotect,10,0.000165,0.58,0.1,1.65,16.5,1e-06,1.65e-05
alloc,10000000,100,munmap,10,0.001239,4.39,0.1,12.39,123.9,1e-06,0.0001239
alloc,10000000,100,openat,5,0.000379,1.34,0.05,3.79,75.8,5e-07,3.79e-05
alloc,10000000,100,pread64,2,4e-05,0.14,0.02,0.4,20.0,2e-07,4e-06
alloc,10000000,100,prlimit64,1,0.0,0.0,0.01,0.0,0.0,1e-07,0.0
alloc,10000000,100,read,4,0.000198,0.7,0.04,1.98,49.5,4e-07,1.98e-05
alloc,10000000,100,rseq,1,1e-05,0.04,0.01,0.1,10.0,1e-07,1e-06
alloc,10000000,100,rt_sigaction,1,0.0,0.0,0.01,0.0,0.0,1e-07,0.0
alloc,10000000,100,rt_sigprocmask,3,0.0,0.0,0.03,0.0,0.0,3e-07,0.0
alloc,10000000,100,set_robust_list,1,1.3e-05,0.05,0.01,0.13,13.0,1e-07,1.3e-06
alloc,10000000,100,set_tid_address,1,1.3e-05,0.05,0.01,0.13,13.0,1e-07,1.3e-06
alloc,10000000,100,write,1,1e-05,0.04,0.01,0.1,10.0,1e-07,1e-06
alloc,10000000,5000,brk,3,2.3e-05,0.0,0.0006,0.0046,7.666666666666667,3e-07,2.3e-06
alloc,10000000,5000,clone3,1,0.000125,0.01,0.0002,0.025,125.0,1e-07,1.25e-05
alloc,10000000,5000,close,5,5.4e-05,0.0,0.001,0.0108,10.8,5e-07,5.4e-06
alloc,10000000,5000,execve,1,0.0,0.0,0.0002,0.0,0.0,1e-07,0.0
alloc,10000000,5000,faccessat,1,0.0,0.0,0.0002,0.0,0.0,1e-07,0.0
alloc,10000000,5000,fstat,6,0.000199,0.02,0.0012,0.0398,33.166666666666664,6e-07,1.99e-05
alloc,10000000,5000,futex,5004,1.263147,99.75,1.0008,252.6294,252.42745803357315,0.0005004,0.1263147
alloc,10000000,5000,getrandom,1,1e-05,0.0,0.0002,0.002,10.0,1e-07,1e-06
alloc,10000000,5000,ioctl,1,6.3e-05,0.0,0.0002,0.0126,63.0,1e-07,6.3e-06
alloc,10000000,5000,madvise,1,1.4e-05,0.0,0.0002,0.0028,14.0,1e-07,1.4e-06
alloc,10000000,5000,mmap,21,0.000561,0.04,0.0042,0.1122,26.714285714285715,2.1e-06,5.61e-05
alloc,10000000,5000,mprotect,10,0.000158,0.01,0.002,0.0316,15.8,1e-06,1.58e-05
alloc,10000000,5000,munmap,10,0.001472,0.12,0.002,0.2944,147.2,1e-06,0.0001472
alloc,10000000,5000,openat,5,0.000103,0.01,0.001,0.0206,20.6,5e-07,1.03e-05
alloc,10000000,5000,pread64,2,5.2e-05,0.0,0.0004,0.0104,26.0,2e-07,5.2e-06
alloc,10000000,5000,prlimit64,1,1e-05,0.0,0.0002,0.002,10.0,1e-07,1e-06
alloc,10000000,5000,read,4,5.9e-05,0.0,0.0008,0.0118,14.75,4e-07,5.9e-06
alloc,10000000,5000,rseq,1,4.3e-05,0.0,0.0002,0.0086,43.0,1e-07,4.3e-06
alloc,10000000,5000,rt_sigaction,1,8e-06,0.0,0.0002,0.0016,8.0,1e-07,8e-07
alloc,10000000,5000,rt_sigprocmask,3,2.9e-05,0.0,0.0006,0.0058,9.666666666666666,3e-07,2.9e-06
alloc,10000000,5000,sched_yield,2,0.000163,0.01,0.0004,0.0326,81.5,2e-07,1.63e-05
alloc,10000000,5000,set_robust_list,1,9e-06,0.0,0.0002,0.0018,9.0,1e-07,9e-07
alloc,10000000,5000,set_tid_address,1,1e-05,0.0,0.0002,0.002,10.0,1e-07,1e-06
alloc,10000000,5000,write,1,1.7e-05,0.0,0.0002,0.0034,17.0,1e-07,1.7e-06
alloc,10000000,10000,brk,3,1.1e-05,0.0,0.0003,0.0011,3.6666666666666665,3e-07,1.1e-06
alloc,10000000,10000,clone3,1,2.6e-05,0.0,0.0001,0.0026,26.0,1e-07,2.6e-06
alloc,10000000,10000,close,5,7.4e-05,0.0,0.0005,0.0074,14.8,5e-07,7.4e-06
alloc,10000000,10000,execve,1,0.0,0.0,0.0001,0.0,0.0,1e-07,0.0
alloc,10000000,10000,faccessat,1,0.0,0.0,0.0001,0.0,0.0,1e-07,0.0
alloc,10000000,10000,fstat,6,0.000236,0.01,0.0006,0.0236,39.333333333333336,6e-07,2.36e-05
alloc,10000000,10000,futex,10002,2.389965,99.86,1.0002,238.9965,238.94871025794842,0.0010002,0.2389965
alloc,10000000,10000,getrandom,1,0.0,0.0,0.0001,0.0,0.0,1e-07,0.0
alloc,10000000,10000,ioctl,1,0.000453,0.02,0.0001,0.0453,453.0,1e-07,4.53e-05
alloc,10000000,10000,madvise,1,1.5e-05,0.0,0.0001,0.0015,15.0,1e-07,1.5e-06
alloc,10000000,10000,mmap,21,0.000535,0.02,0.0021,0.0535,25.476190476190474,2.1e-06,5.35e-05
alloc,10000000,10000,mprotect,10,0.00015,0.01,0.001,0.015,15.0,1e-06,1.5e-05
alloc,10000000,10000,munmap,10,0.001459,0.06,0.001,0.1459,145.9,1e-06,0.0001459
alloc,10000000,10000,openat,5,9.8e-05,0.0,0.0005,0.0098,19.6,5e-07,9.8e-06
alloc,10000000,10000,pread64,2,4e-05,0.0,0.0002,0.004,20.0,2e-07,4e-06
alloc,10000000,10000,prlimit64,1,0.0,0.0,0.0001,0.0,0.0,1e-07,0.0
alloc,10000000,10000,read,4,6e-05,0.0,0.0004,0.006,15.0,4e-07,6e-06
alloc,10000000,10000,rseq,1,1.2e-05,0.0,0.0001,0.0012,12.0,1e-07,1.2e-06
alloc,10000000,10000,rt_sigaction,1,9e-06,0.0,0.0001,0.0009,9.0,1e-07,9e-07
alloc,10000000,10000,rt_sigprocmask,3,3.2e-05,0.0,0.0003,0.0032,10.666666666666666,3e-07,3.2e-06
alloc,10000000,10000,sched_yield,4,0.00012,0.01,0.0004,0.012,30.0,4e-07,1.2e-05
alloc,10000000,10000,set_robust_list,1,1.5e-05,0.0,0.0001,0.0015,15.0,1e-07,1.5e-06
alloc,10000000,10000,set_tid_address,1,1.6e-05,0.0,0.0001,0.0016,16.0,1e-07,1.6e-06
alloc,10000000,10000,write,1,1.2e-05,0.0,0.0001,0.0012,12.0,1e-07,1.2e-06
alloc,10000000,50000,brk,3,3.6e-05,0.0,6e-05,0.00072,12.0,3e-07,3.6e-06
alloc,10000000,50000,clone3,1,3.6e-05,0.0,2e-05,0.00072,36.0,1e-07,3.6e-06
alloc,10000000,50000,close,5,5e-05,0.0,0.0001,0.001,10.0,5e-07,5e-06
alloc,10000000,50000,execve,1,0.0,0.0,2e-05,0.0,0.0,1e-07,0.0
alloc,10000000,50000,faccessat,1,0.0,0.0,2e-05,0.0,0.0,1e-07,0.0
alloc,10000000,50000,fstat,6,0.000195,0.0,0.00012,0.0039,32.5,6e-07,1.95e-05
alloc,10000000,50000,futex,50000,11.931505,99.95,1.0,238.6301,238.6301,0.005,1.1931505
alloc,10000000,50000,getrandom,1,1.6e-05,0.0,2e-05,0.00032,16.0,1e-07,1.6e-06
alloc,10000000,50000,ioctl,1,0.000151,0.0,2e-05,0.00302,151.0,1e-07,1.51e-05
alloc,10000000,50000,madvise,1,3e-05,0.0,2e-05,0.0006,30.0,1e-07,3e-06
alloc,10000000,50000,mmap,21,0.000381,0.0,0.00042,0.00762,18.142857142857142,2.1e-06,3.81e-05
alloc,10000000,50000,mprotect,10,0.000188,0.0,0.0002,0.00376,18.8,1e-06,1.88e-05
alloc,10000000,50000,munmap,10,0.003993,0.03,0.0002,0.07986,399.3,1e-06,0.0003993
alloc,10000000,50000,openat,5,6.3e-05,0.0,0.0001,0.00126,12.6,5e-07,6.3e-06
alloc,10000000,50000,pread64,2,5.1e-05,0.0,4e-05,0.00102,25.5,2e-07,5.1e-06
alloc,10000000,50000,prlimit64,1,2e-05,0.0,2e-05,0.0004,20.0,1e-07,2e-06
alloc,10000000,50000,read,4,2.8e-05,0.0,8e-05,0.00056,7.0,4e-07,2.8e-06
alloc,10000000,50000,rseq,1,8e-06,0.0,2e-05,0.00016,8.0,1e-07,8e-07
alloc,10000000,50000,rt_sigaction,1,3.8e-05,0.0,2e-05,0.00076,38.0,1e-07,3.8e-06
alloc,10000000,50000,rt_sigprocmask,3,3.8e-05,0.0,6e-05,0.00076,12.666666666666666,3e-07,3.8e-06
alloc,10000000,50000,sched_yield,14,0.000893,0.01,0.00028,0.01786,63.785714285714285,1.4e-06,8.93e-05
alloc,10000000,50000,set_robust_list,1,2.4e-05,0.0,2e-05,0.00048,24.0,1e-07,2.4e-06
alloc,10000000,50000,set_tid_address,1,1.3e-05,0.0,2e-05,0.00026,13.0,1e-07,1.3e-06
alloc,10000000,50000,write,1,2.5e-05,0.0,2e-05,0.0005,25.0,1e-07,2.5e-06
alloc,10000000,100000,brk,3,4.9e-05,0.0,3e-05,0.00049,16.333333333333332,3e-07,4.9e-06
alloc,10000000,100000,clone3,1,5.5e-05,0.0,1e-05,0.00055,55.0,1e-07,5.5e-06
alloc,10000000,100000,close,5,1.2e-05,0.0,5e-05,0.00012,2.4,5e-07,1.2e-06
alloc,10000000,100000,execve,1,0.0,0.0,1e-05,0.0,0.0,1e-07,0.0
alloc,10000000,100000,faccessat,1,0.0,0.0,1e-05,0.0,0.0,1e-07,0.0
alloc,10000000,100000,fstat,6,0.000159,0.0,6e-05,0.00159,26.5,6e-07,1.59e-05
alloc,10000000,100000,futex,99993,23.970751,99.91,0.99993,239.70751,239.72429070034903,0.0099993,2.3970751
alloc,10000000,100000,getrandom,1,1.5e-05,0.0,1e-05,0.00015,15.0,1e-07,1.5e-06
alloc,10000000,100000,ioctl,1,0.000161,0.0,1e-05,0.00161,161.0,1e-07,1.61e-05
alloc,10000000,100000,madvise,1,1.7e-05,0.0,1e-05,0.00017,17.0,1e-07,1.7e-06
alloc,10000000,100000,mmap,21,0.000265,0.0,0.00021,0.00265,12.619047619047619,2.1e-06,2.65e-05
alloc,10000000,100000,mprotect,10,0.000198,0.0,0.0001,0.00198,19.8,1e-06,1.98e-05
alloc,10000000,100000,munmap,10,0.017062,0.07,0.0001,0.17062,1706.2,1e-06,0.0017062
alloc,10000000,100000,openat,5,0.0,0.0,5e-05,0.0,0.0,5e-07,0.0
alloc,10000000,100000,pread64,2,0.0,0.0,2e-05,0.0,0.0,2e-07,0.0
alloc,10000000,100000,prlimit64,1,1.2e-05,0.0,1e-05,0.00012,12.0,1e-07,1.2e-06
alloc,10000000,100000,read,4,0.0,0.0,4e-05,0.0,0.0,4e-07,0.0
alloc,10000000,100000,rseq,1,2.4e-05,0.0,1e-05,0.00024,24.0,1e-07,2.4e-06
alloc,10000000,100000,rt_sigaction,1,1.2e-05,0.0,1e-05,0.00012,12.0,1e-07,1.2e-06
alloc,10000000,100000,rt_sigprocmask,3,5.7e-05,0.0,3e-05,0.00057,19.0,3e-07,5.7e-06
alloc,10000000,100000,sched_yield,33,0.003096,0.01,0.00033,0.03096,93.81818181818181,3.3e-06,0.0003096
alloc,10000000,100000,set_robust_list,1,6.6e-05,0.0,1e-05,0.00066,66.0,1e-07,6.6e-06
alloc,10000000,100000,set_tid_address,1,2.9e-05,0.0,1e-05,0.00029,29.0,1e-07,2.9e-06
alloc,10000000,100000,write,1,2.4e-05,0.0,1e-05,0.00024,24.0,1e-07,2.4e-06
baseline,1000000,100,brk,3,4.9e-05,2.4,0.03,0.49,16.333333333333332,3e-06,4.9e-05
baseline,1000000,100,clone3,1,5.5e-05,2.69,0.01,0.55,55.0,1e-06,5.5e-05
baseline,1000000,100,close,5,6.7e-05,3.28,0.05,0.67,13.4,5e-06,6.7e-05
baseline,1000000,100,execve,1,0.0,0.0,0.01,0.0,0.0,1e-06,0.0
baseline,1000000,100,faccessat,1,0.0,0.0,0.01,0.0,0.0,1e-06,0.0
baseline,1000000,100,fstat,6,9.5e-05,4.65,0.06,0.95,15.833333333333334,6e-06,9.5e-05
baseline,1000000,100,futex,4,0.000167,8.18,0.04,1.67,41.75,4e-06,0.000167
baseline,1000000,100,getrandom,1,2.6e-05,1.27,0.01,0.26,26.0,1e-06,2.6e-05
baseline,1000000,100,ioctl,1,2.7e-05,1.32,0.01,0.27,27.0,1e-06,2.7e-05
baseline,1000000,100,madvise,1,1.8e-05,0.88,0.01,0.18,18.0,1e-06,1.8e-05
baseline,1000000,100,mmap,22,0.000567,27.77,0.22,5.67,25.772727272727273,2.2e-05,0.000567
baseline,1000000,100,mprotect,10,0.000153,7.49,0.1,1.53,15.3,1e-05,0.000153
baseline,1000000,100,munmap,10,0.000166,8.13,0.1,1.66,16.6,1e-05,0.000166
baseline,1000000,100,openat,5,4.5e-05,2.2,0.05,0.45,9.0,5e-06,4.5e-05
baseline,1000000,100,pread64,2,3.9e-05,1.91,0.02,0.39,19.5,2e-06,3.9e-05
baseline,1000000,100,prlimit64,1,1.6e-05,0.78,0.01,0.16,16.0,1e-06,1.6e-05
baseline,1000000,100,read,4,0.000198,9.7,0.04,1.98,49.5,4e-06,0.000198
baseline,1000000,100,rseq,1,2.1e-05,1.03,0.01,0.21,21.0,1e-06,2.1e-05
baseline,1000000,100,rt_sigaction,1,1.4e-05,0.69,0.01,0.14,14.0,1e-06,1.4e-05
baseline,1000000,100,rt_sigprocmask,3,0.000283,13.86,0.03,2.83,94.33333333333333,3e-06,0.000283
baseline,1000000,100,set_robust_list,1,1.2e-05,0.59,0.01,0.12,12.0,1e-06,1.2e-05
baseline,1000000,100,set_tid_address,1,1.8e-05,0.88,0.01,0.18,18.0,1e-06,1.8e-05
baseline,1000000,100,write,1,6e-06,0.29,0.01,0.06,6.0,1e-06,6e-06
baseline,1000000,5000,brk,3,7.6e-05,3.65,0.0006,0.0152,25.333333333333332,3e-06,7.6e-05
baseline,1000000,5000,clone3,1,0.000424,20.37,0.0002,0.0848,424.0,1e-06,0.000424
baseline,1000000,5000,close,5,6.6e-05,3.17,0.001,0.0132,13.2,5e-06,6.6e-05
baseline,1000000,5000,execve,1,0.0,0.0,0.0002,0.0,0.0,1e-06,0.0
baseline,1000000,5000,faccessat,1,0.0,0.0,0.0002,0.0,0.0,1e-06,0.0
baseline,1000000,5000,fstat,6,4.8e-05,2.31,0.0012,0.0096,8.0,6e-06,4.8e-05
baseline,1000000,5000,futex,4,0.000171,8.21,0.0008,0.0342,42.75,4e-06,0.000171
baseline,1000000,5000,getrandom,1,6e-06,0.29,0.0002,0.0012,6.0,1e-06,6e-06
baseline,1000000,5000,ioctl,1,4.5e-05,2.16,0.0002,0.009,45.0,1e-06,4.5e-05
baseline,1000000,5000,madvise,1,0.00022,10.57,0.0002,0.044,220.0,1e-06,0.00022
baseline,1000000,5000,mmap,22,0.000379,18.2,0.0044,0.0758,17.227272727272727,2.2e-05,0.000379
baseline,1000000,5000,mprotect,10,0.000169,8.12,0.002,0.0338,16.9,1e-05,0.000169
baseline,1000000,5000,munmap,10,0.000183,8.79,0.002,0.0366,18.3,1e-05,0.000183
baseline,1000000,5000,openat,5,3.9e-05,1.87,0.001,0.0078,7.8,5e-06,3.9e-05
baseline,1000000,5000,pread64,2,0.0,0.0,0.0004,0.0,0.0,2e-06,0.0
baseline,1000000,5000,prlimit64,1,1.2e-05,0.58,0.0002,0.0024,12.0,1e-06,1.2e-05
baseline,1000000,5000,read,4,1.4e-05,0.67,0.0008,0.0028,3.5,4e-06,1.4e-05
baseline,1000000,5000,rseq,1,1.1e-05,0.53,0.0002,0.0022,11.0,1e-06,1.1e-05
baseline,1000000,5000,rt_sigaction,1,1.2e-05,0.58,0.0002,0.0024,12.0,1e-06,1.2e-05
baseline,1000000,5000,rt_sigprocmask,3,0.00015,7.2,0.0006,0.03,50.0,3e-06,0.00015
baseline,1000000,5000,set_robust_list,1,2.9e-05,1.39,0.0002,0.0058,29.0,1e-06,2.9e-05
baseline,1000000,5000,set_tid_address,1,1.8e-05,0.86,0.0002,0.0036,18.0,1e-06,1.8e-05
baseline,1000000,5000,write,1,1e-05,0.48,0.0002,0.002,10.0,1e-06,1e-05
baseline,1000000,10000,brk,3,2.5e-05,0.94,0.0003,0.0025,8.333333333333334,3e-06,2.5e-05
baseline,1000000,10000,clone3,1,3.2e-05,1.21,0.0001,0.0032,32.0,1e-06,3.2e-05
baseline,1000000,10000,close,5,5.9e-05,2.23,0.0005,0.0059,11.8,5e-06,5.9e-05
baseline,1000000,10000,execve,1,0.0,0.0,0.0001,0.0,0.0,1e-06,0.0
baseline,1000000,10000,faccessat,1,0.0,0.0,0.0001,0.0,0.0,1e-06,0.0
baseline,1000000,10000,fstat,6,0.000116,4.38,0.0006,0.0116,19.333333333333332,6e-06,0.000116
baseline,1000000,10000,futex,4,0.000603,22.78,0.0004,0.0603,150.75,4e-06,0.000603
baseline,1000000,10000,getrandom,1,5.3e-05,2.0,0.0001,0.0053,53.0,1e-06,5.3e-05
baseline,1000000,10000,ioctl,1,0.000111,4.19,0.0001,0.0111,111.0,1e-06,0.000111
baseline,1000000,10000,madvise,1,2.2e-05,0.83,0.0001,0.0022,22.0,1e-06,2.2e-05
baseline,1000000,10000,mmap,22,0.000591,22.33,0.0022,0.0591,26.863636363636363,2.2e-05,0.000591
baseline,1000000,10000,mprotect,10,0.000187,7.06,0.001,0.0187,18.7,1e-05,0.000187
baseline,1000000,10000,munmap,10,0.000546,20.63,0.001,0.0546,54.6,1e-05,0.000546
baseline,1000000,10000,openat,5,7.2e-05,2.72,0.0005,0.0072,14.4,5e-06,7.2e-05
baseline,1000000,10000,pread64,2,3.3e-05,1.25,0.0002,0.0033,16.5,2e-06,3.3e-05
baseline,1000000,10000,prlimit64,1,1.3e-05,0.49,0.0001,0.0013,13.0,1e-06,1.3e-05
baseline,1000000,10000,read,4,4.5e-05,1.7,0.0004,0.0045,11.25,4e-06,4.5e-05
baseline,1000000,10000,rseq,1,1.3e-05,0.49,0.0001,0.0013,13.0,1e-06,1.3e-05
baseline,1000000,10000,rt_sigaction,1,2.2e-05,0.83,0.0001,0.0022,22.0,1e-06,2.2e-05
baseline,1000000,10000,rt_sigprocmask,3,6e-05,2.27,0.0003,0.006,20.0,3e-06,6e-05
baseline,1000000,10000,set_robust_list,1,1.7e-05,0.64,0.0001,0.0017,17.0,1e-06,1.7e-05
baseline,1000000,10000,set_tid_address,1,1.2e-05,0.45,0.0001,0.0012,12.0,1e-06,1.2e-05
baseline,1000000,10000,write,1,1.5e-05,0.57,0.0001,0.0015,15.0,1e-06,1.5e-05
baseline,1000000,50000,brk,3,2.6e-05,1.0,6e-05,0.00052,8.666666666666666,3e-06,2.6e-05
baseline,1000000,50000,clone3,1,5.9e-05,2.26,2e-05,0.00118,59.0,1e-06,5.9e-05
baseline,1000000,50000,close,5,7e-05,2.69,0.0001,0.0014,14.0,5e-06,7e-05
baseline,1000000,50000,execve,1,0.0,0.0,2e-05,0.0,0.0,1e-06,0.0
baseline,1000000,50000,faccessat,1,0.0,0.0,2e-05,0.0,0.0,1e-06,0.0
baseline,1000000,50000,fstat,6,0.000109,4.18,0.00012,0.00218,18.166666666666668,6e-06,0.000109
baseline,1000000,50000,futex,4,0.00027,10.36,8e-05,0.0054,67.5,4e-06,0.00027
baseline,1000000,50000,getrandom,1,1.4e-05,0.54,2e-05,0.00028,14.0,1e-06,1.4e-05
baseline,1000000,50000,ioctl,1,3.8e-05,1.46,2e-05,0.00076,38.0,1e-06,3.8e-05
baseline,1000000,50000,madvise,1,3.1e-05,1.19,2e-05,0.00062,31.0,1e-06,3.1e-05
baseline,1000000,50000,mmap,22,0.000524,20.1,0.00044,0.01048,23.818181818181817,2.2e-05,0.000524
baseline,1000000,50000,mprotect,10,0.000278,10.66,0.0002,0.00556,27.8,1e-05,0.000278
baseline,1000000,50000,munmap,10,0.000685,26.28,0.0002,0.0137,68.5,1e-05,0.000685
baseline,1000000,50000,openat,5,0.000102,3.91,0.0001,0.00204,20.4,5e-06,0.000102
baseline,1000000,50000,pread64,2,3.1e-05,1.19,4e-05,0.00062,15.5,2e-06,3.1e-05
baseline,1000000,50000,prlimit64,1,1e-05,0.38,2e-05,0.0002,10.0,1e-06,1e-05
baseline,1000000,50000,read,4,7.9e-05,3.03,8e-05,0.00158,19.75,4e-06,7.9e-05
baseline,1000000,50000,rseq,1,1e-05,0.38,2e-05,0.0002,10.0,1e-06,1e-05
baseline,1000000,50000,rt_sigaction,1,1.2e-05,0.46,2e-05,0.00024,12.0,1e-06,1.2e-05
baseline,1000000,50000,rt_sigprocmask,3,0.000189,7.25,6e-05,0.00378,63.0,3e-06,0.000189
baseline,1000000,50000,set_robust_list,1,1.8e-05,0.69,2e-05,0.00036,18.0,1e-06,1.8e-05
baseline,1000000,50000,set_tid_address,1,2.4e-05,0.92,2e-05,0.00048,24.0,1e-06,2.4e-05
baseline,1000000,50000,write,1,2.8e-05,1.07,2e-05,0.00056,28.0,1e-06,2.8e-05
baseline,1000000,100000,brk,3,3.2e-05,0.72,3e-05,0.00032,10.666666666666666,3e-06,3.2e-05
baseline,1000000,100000,clone3,1,6.7e-05,1.5,1e-05,0.00067,67.0,1e-06,6.7e-05
baseline,1000000,100000,close,5,8.5e-05,1.91,5e-05,0.00085,17.0,5e-06,8.5e-05
baseline,1000000,100000,execve,1,0.0,0.0,1e-05,0.0,0.0,1e-06,0.0
baseline,1000000,100000,faccessat,1,1.5e-05,0.34,1e-05,0.00015,15.0,1e-06,1.5e-05
baseline,1000000,100000,fstat,6,0.00029,6.5,6e-05,0.0029,48.333333333333336,6e-06,0.00029
baseline,1000000,100000,futex,4,0.000362,8.12,4e-05,0.00362,90.5,4e-06,0.000362
baseline,1000000,100000,getrandom,1,3.6e-05,0.81,1e-05,0.00036,36.0,1e-06,3.6e-05
baseline,1000000,100000,ioctl,1,2.9e-05,0.65,1e-05,0.00029,29.0,1e-06,2.9e-05
baseline,1000000,100000,madvise,1,2.7e-05,0.61,1e-05,0.00027,27.0,1e-06,2.7e-05
baseline,1000000,100000,mmap,22,0.000533,11.95,0.00022,0.00533,24.227272727272727,2.2e-05,0.000533
baseline,1000000,100000,mprotect,10,0.000233,5.22,0.0001,0.00233,23.3,1e-05,0.000233
baseline,1000000,100000,munmap,10,0.002192,49.15,0.0001,0.02192,219.2,1e-05,0.002192
baseline,1000000,100000,openat,5,0.000112,2.51,5e-05,0.00112,22.4,5e-06,0.000112
baseline,1000000,100000,pread64,2,2.6e-05,0.58,2e-05,0.00026,13.0,2e-06,2.6e-05
baseline,1000000,100000,prlimit64,1,1.2e-05,0.27,1e-05,0.00012,12.0,1e-06,1.2e-05
baseline,1000000,100000,read,4,0.000105,2.35,4e-05,0.00105,26.25,4e-06,0.000105
baseline,1000000,100000,rseq,1,1.9e-05,0.43,1e-05,0.00019,19.0,1e-06,1.9e-05
baseline,1000000,100000,rt_sigaction,1,1.6e-05,0.36,1e-05,0.00016,16.0,1e-06,1.6e-05
baseline,1000000,100000,rt_sigprocmask,3,0.000227,5.09,3e-05,0.00227,75.66666666666667,3e-06,0.000227
baseline,1000000,100000,set_robust_list,1,1.2e-05,0.27,1e-05,0.00012,12.0,1e-06,1.2e-05
baseline,1000000,100000,set_tid_address,1,1.1e-05,0.25,1e-05,0.00011,11.0,1e-06,1.1e-05
baseline,1000000,100000,write,1,1.9e-05,0.43,1e-05,0.00019,19.0,1e-06,1.9e-05
baseline,5000000,100,brk,3,0.0,0.0,0.03,0.0,0.0,6e-07,0.0
baseline,5000000,100,clone3,1,9.5e-05,4.82,0.01,0.95,95.0,2e-07,1.9e-05
baseline,5000000,100,close,5,0.0,0.0,0.05,0.0,0.0,1e-06,0.0
baseline,5000000,100,execve,1,0.0,0.0,0.01,0.0,0.0,2e-07,0.0
baseline,5000000,100,faccessat,1,0.0,0.0,0.01,0.0,0.0,2e-07,0.0
baseline,5000000,100,fstat,6,4.8e-05,2.43,0.06,0.48,8.0,1.2e-06,9.6e-06
baseline,5000000,100,futex,4,0.000342,17.33,0.04,3.42,85.5,8e-07,6.84e-05
baseline,5000000,100,getrandom,1,0.0,0.0,0.01,0.0,0.0,2e-07,0.0
baseline,5000000,100,ioctl,1,3.1e-05,1.57,0.01,0.31,31.0,2e-07,6.2e-06
baseline,5000000,100,madvise,1,1.8e-05,0.91,0.01,0.18,18.0,2e-07,3.6e-06
baseline,5000000,100,mmap,22,0.000408,20.68,0.22,4.08,18.545454545454547,4.4e-06,8.16e-05
baseline,5000000,100,mprotect,10,0.0,0.0,0.1,0.0,0.0,2e-06,0.0
baseline,5000000,100,munmap,10,0.000631,31.98,0.1,6.31,63.1,2e-06,0.0001262
baseline,5000000,100,openat,5,0.0,0.0,0.05,0.0,0.0,1e-06,0.0
baseline,5000000,100,pread64,2,0.0,0.0,0.02,0.0,0.0,4e-07,0.0
baseline,5000000,100,prlimit64,1,0.0,0.0,0.01,0.0,0.0,2e-07,0.0
baseline,5000000,100,read,4,0.0,0.0,0.04,0.0,0.0,8e-07,0.0
baseline,5000000,100,rseq,1,0.0,0.0,0.01,0.0,0.0,2e-07,0.0
baseline,5000000,100,rt_sigaction,1,0.0,0.0,0.01,0.0,0.0,2e-07,0.0
baseline,5000000,100,rt_sigprocmask,3,0.000382,19.36,0.03,3.82,127.33333333333333,6e-07,7.64e-05
baseline,5000000,100,set_robust_list,1,0.0,0.0,0.01,0.0,0.0,2e-07,0.0
baseline,5000000,100,set_tid_address,1,0.0,0.0,0.01,0.0,0.0,2e-07,0.0
baseline,5000000,100,write,1,1.8e-05,0.91,0.01,0.18,18.0,2e-07,3.6e-06
baseline,5000000,5000,brk,3,5.6e-05,1.34,0.0006,0.0112,18.666666666666668,6e-07,1.12e-05
baseline,5000000,5000,clone3,1,0.000162,3.87,0.0002,0.0324,162.0,2e-07,3.24e-05
baseline,5000000,5000,close,5,0.000248,5.93,0.001,0.0496,49.6,1e-06,4.96e-05
baseline,5000000,5000,execve,1,0.00029,6.94,0.0002,0.058,290.0,2e-07,5.8e-05
baseline,5000000,5000,faccessat,1,2e-05,0.48,0.0002,0.004,20.0,2e-07,4e-06
baseline,5000000,5000,fstat,6,0.000221,5.29,0.0012,0.0442,36.833333333333336,1.2e-06,4.42e-05
baseline,5000000,5000,futex,4,0.000249,5.96,0.0008,0.0498,62.24999999999999,8e-07,4.98e-05
baseline,5000000,5000,getrandom,1,1.6e-05,0.38,0.0002,0.0032,16.0,2e-07,3.2e-06
baseline,5000000,5000,ioctl,1,6.3e-05,1.51,0.0002,0.0126,63.0,2e-07,1.26e-05
baseline,5000000,5000,madvise,1,1.7e-05,0.41,0.0002,0.0034,17.0,2e-07,3.4e-06
baseline,5000000,5000,mmap,22,0.000995,23.8,0.0044,0.199,45.22727272727273,4.4e-06,0.000199
baseline,5000000,5000,mprotect,10,0.000248,5.93,0.002,0.0496,24.8,2e-06,4.96e-05
baseline,5000000,5000,munmap,10,0.000936,22.39,0.002,0.1872,93.6,2e-06,0.0001872
baseline,5000000,5000,openat,5,0.000145,3.47,0.001,0.029,29.0,1e-06,2.9e-05
baseline,5000000,5000,pread64,2,0.000113,2.7,0.0004,0.0226,56.5,4e-07,2.26e-05
baseline,5000000,5000,prlimit64,1,5.5e-05,1.32,0.0002,0.011,55.0,2e-07,1.1e-05
baseline,5000000,5000,read,4,0.000187,4.47,0.0008,0.0374,46.75,8e-07,3.74e-05
baseline,5000000,5000,rseq,1,2e-05,0.48,0.0002,0.004,20.0,2e-07,4e-06
baseline,5000000,5000,rt_sigaction,1,1.1e-05,0.26,0.0002,0.0022,11.0,2e-07,2.2e-06
baseline,5000000,5000,rt_sigprocmask,3,8e-05,1.91,0.0006,0.016,26.666666666666668,6e-07,1.6e-05
baseline,5000000,5000,set_robust_list,1,1.3e-05,0.31,0.0002,0.0026,13.0,2e-07,2.6e-06
baseline,5000000,5000,set_tid_address,1,3.1e-05,0.74,0.0002,0.0062,31.0,2e-07,6.2e-06
baseline,5000000,5000,write,1,5e-06,0.12,0.0002,0.001,5.0,2e-07,1e-06
baseline,5000000,10000,brk,3,3e-05,0.81,0.0003,0.003,10.0,6e-07,6e-06
baseline,5000000,10000,clone3,1,4.3e-05,1.16,0.0001,0.0043,43.0,2e-07,8.6e-06
baseline,5000000,10000,close,5,5.2e-05,1.4,0.0005,0.0052,10.4,1e-06,1.04e-05
baseline,5000000,10000,execve,1,0.0,0.0,0.0001,0.0,0.0,2e-07,0.0
baseline,5000000,10000,faccessat,1,0.0,0.0,0.0001,0.0,0.0,2e-07,0.0
baseline,5000000,10000,fstat,6,0.000147,3.96,0.0006,0.0147,24.5,1.2e-06,2.94e-05
baseline,5000000,10000,futex,3,0.0004,10.77,0.0003,0.04,133.33333333333334,6e-07,8e-05
baseline,5000000,10000,getrandom,1,1.4e-05,0.38,0.0001,0.0014,14.0,2e-07,2.8e-06
baseline,5000000,10000,ioctl,1,2.3e-05,0.62,0.0001,0.0023,23.0,2e-07,4.6e-06
baseline,5000000,10000,madvise,1,2.6e-05,0.7,0.0001,0.0026,26.0,2e-07,5.2e-06
baseline,5000000,10000,mmap,22,0.000648,17.45,0.0022,0.0648,29.454545454545453,4.4e-06,0.0001296
baseline,5000000,10000,mprotect,10,0.00094,25.32,0.001,0.094,94.0,2e-06,0.000188
baseline,5000000,10000,munmap,10,0.000997,26.85,0.001,0.0997,99.7,2e-06,0.0001994
baseline,5000000,10000,openat,5,5.8e-05,1.56,0.0005,0.0058,11.6,1e-06,1.16e-05
baseline,5000000,10000,pread64,2,3.7e-05,1.0,0.0002,0.0037,18.5,4e-07,7.4e-06
baseline,5000000,10000,prlimit64,1,1.6e-05,0.43,0.0001,0.0016,16.0,2e-07,3.2e-06
baseline,5000000,10000,read,4,7.4e-05,1.99,0.0004,0.0074,18.5,8e-07,1.48e-05
baseline,5000000,10000,rseq,1,6.1e-05,1.64,0.0001,0.0061,61.0,2e-07,1.22e-05
baseline,5000000,10000,rt_sigaction,1,1.5e-05,0.4,0.0001,0.0015,15.0,2e-07,3e-06
baseline,5000000,10000,rt_sigprocmask,3,0.0001,2.69,0.0003,0.01,33.333333333333336,6e-07,2e-05
baseline,5000000,10000,set_robust_list,1,1.2e-05,0.32,0.0001,0.0012,12.0,2e-07,2.4e-06
baseline,5000000,10000,set_tid_address,1,1.3e-05,0.35,0.0001,0.0013,13.0,2e-07,2.6e-06
baseline,5000000,10000,write,1,7e-06,0.19,0.0001,0.0007,7.0,2e-07,1.4e-06
baseline,5000000,50000,brk,3,3e-05,0.14,6e-05,0.0006,10.0,6e-07,6e-06
baseline,5000000,50000,clone3,1,3.2e-05,0.15,2e-05,0.00064,32.0,2e-07,6.4e-06
baseline,5000000,50000,close,5,0.0,0.0,0.0001,0.0,0.0,1e-06,0.0
baseline,5000000,50000,execve,1,0.0,0.0,2e-05,0.0,0.0,2e-07,0.0
baseline,5000000,50000,faccessat,1,0.0,0.0,2e-05,0.0,0.0,2e-07,0.0
baseline,5000000,50000,fstat,6,0.000143,0.66,0.00012,0.00286,23.833333333333332,1.2e-06,2.86e-05
baseline,5000000,50000,futex,4,0.000309,1.44,8e-05,0.00618,77.25,8e-07,6.18e-05
baseline,5000000,50000,getrandom,1,1.4e-05,0.07,2e-05,0.00028,14.0,2e-07,2.8e-06
baseline,5000000,50000,ioctl,1,4.4e-05,0.2,2e-05,0.00088,44.0,2e-07,8.8e-06
baseline,5000000,50000,madvise,1,3.3e-05,0.15,2e-05,0.00066,33.0,2e-07,6.6e-06
baseline,5000000,50000,mmap,22,0.000235,1.09,0.00044,0.0047,10.681818181818182,4.4e-06,4.7e-05
baseline,5000000,50000,mprotect,10,0.000165,0.77,0.0002,0.0033,16.5,2e-06,3.3e-05
baseline,5000000,50000,munmap,10,0.020362,94.61,0.0002,0.40724,2036.2,2e-06,0.0040724
baseline,5000000,50000,openat,5,0.0,0.0,0.0001,0.0,0.0,1e-06,0.0
baseline,5000000,50000,pread64,2,0.0,0.0,4e-05,0.0,0.0,4e-07,0.0
baseline,5000000,50000,prlimit64,1,1.3e-05,0.06,2e-05,0.00026,13.0,2e-07,2.6e-06
baseline,5000000,50000,read,4,0.0,0.0,8e-05,0.0,0.0,8e-07,0.0
baseline,5000000,50000,rseq,1,4.7e-05,0.22,2e-05,0.00094,47.0,2e-07,9.4e-06
baseline,5000000,50000,rt_sigaction,1,1.3e-05,0.06,2e-05,0.00026,13.0,2e-07,2.6e-06
baseline,5000000,50000,rt_sigprocmask,3,3.9e-05,0.18,6e-05,0.00078,13.0,6e-07,7.8e-06
baseline,5000000,50000,set_robust_list,1,4.2e-05,0.2,2e-05,0.00084,42.0,2e-07,8.4e-06
baseline,5000000,50000,set_tid_address,1,0.0,0.0,2e-05,0.0,0.0,2e-07,0.0
baseline,5000000,50000,write,1,0.0,0.0,2e-05,0.0,0.0,2e-07,0.0
baseline,5000000,100000,brk,3,7.1e-05,0.43,3e-05,0.00071,23.666666666666668,6e-07,1.42e-05
baseline,5000000,100000,clone3,1,0.000238,1.44,1e-05,0.00238,238.0,2e-07,4.76e-05
baseline,5000000,100000,close,5,0.000298,1.8,5e-05,0.00298,59.6,1e-06,5.96e-05
baseline,5000000,100000,execve,1,0.000424,2.56,1e-05,0.00424,424.0,2e-07,8.48e-05
baseline,5000000,100000,faccessat,1,1.3e-05,0.08,1e-05,0.00013,13.0,2e-07,2.6e-06
baseline,5000000,100000,fstat,6,0.000496,2.99,6e-05,0.00496,82.66666666666667,1.2e-06,9.92e-05
baseline,5000000,100000,futex,3,0.000568,3.43,3e-05,0.00568,189.33333333333334,6e-07,0.0001136
baseline,5000000,100000,getrandom,1,2e-05,0.12,1e-05,0.0002,20.0,2e-07,4e-06
baseline,5000000,100000,ioctl,1,0.000175,1.06,1e-05,0.00175,175.0,2e-07,3.5e-05
baseline,5000000,100000,madvise,1,2.6e-05,0.16,1e-05,0.00026,26.0,2e-07,5.2e-06
baseline,5000000,100000,mmap,22,0.000968,5.84,0.00022,0.00968,44.0,4.4e-06,0.0001936
baseline,5000000,100000,mprotect,10,0.000259,1.56,0.0001,0.00259,25.9,2e-06,5.18e-05
baseline,5000000,100000,munmap,10,0.012311,74.32,0.0001,0.12311,1231.1,2e-06,0.0024622
baseline,5000000,100000,openat,5,0.000241,1.45,5e-05,0.00241,48.2,1e-06,4.82e-05
baseline,5000000,100000,pread64,2,6.3e-05,0.38,2e-05,0.00063,31.5,4e-07,1.26e-05
baseline,5000000,100000,prlimit64,1,4.1e-05,0.25,1e-05,0.00041,41.0,2e-07,8.2e-06
baseline,5000000,100000,read,4,0.000238,1.44,4e-05,0.00238,59.5,8e-07,4.76e-05
baseline,5000000,100000,rseq,1,9e-06,0.05,1e-05,9e-05,9.0,2e-07,1.8e-06
baseline,5000000,100000,rt_sigaction,1,1.3e-05,0.08,1e-05,0.00013,13.0,2e-07,2.6e-06
baseline,5000000,100000,rt_sigprocmask,3,3.9e-05,0.24,3e-05,0.00039,13.0,6e-07,7.8e-06
baseline,5000000,100000,set_robust_list,1,1.2e-05,0.07,1e-05,0.00012,12.0,2e-07,2.4e-06
baseline,5000000,100000,set_tid_address,1,1.3e-05,0.08,1e-05,0.00013,13.0,2e-07,2.6e-06
baseline,5000000,100000,write,1,2.8e-05,0.17,1e-05,0.00028,28.0,2e-07,5.6e-06
baseline,10000000,100,brk,3,0.0,0.0,0.03,0.0,0.0,3e-07,0.0
baseline,10000000,100,clone3,1,9.3e-05,3.02,0.01,0.93,93.0,1e-07,9.3e-06
baseline,10000000,100,close,5,8e-05,2.6,0.05,0.8,16.0,5e-07,8e-06
baseline,10000000,100,execve,1,0.0,0.0,0.01,0.0,0.0,1e-07,0.0
baseline,10000000,100,faccessat,1,0.0,0.0,0.01,0.0,0.0,1e-07,0.0
baseline,10000000,100,fstat,6,0.000117,3.8,0.06,1.17,19.5,6e-07,1.17e-05
baseline,10000000,100,futex,3,0.000421,13.69,0.03,4.21,140.33333333333334,3e-07,4.21e-05
baseline,10000000,100,getrandom,1,7e-06,0.23,0.01,0.07,7.0,1e-07,7e-07
baseline,10000000,100,ioctl,1,3.2e-05,1.04,0.01,0.32,32.0,1e-07,3.2e-06
baseline,10000000,100,madvise,1,0.0,0.0,0.01,0.0,0.0,1e-07,0.0
baseline,10000000,100,mmap,22,0.000605,19.67,0.22,6.05,27.5,2.2e-06,6.05e-05
baseline,10000000,100,mprotect,10,0.000233,7.58,0.1,2.33,23.3,1e-06,2.33e-05
baseline,10000000,100,munmap,10,0.001063,34.57,0.1,10.63,106.3,1e-06,0.0001063
baseline,10000000,100,openat,5,0.000182,5.92,0.05,1.82,36.4,5e-07,1.82e-05
baseline,10000000,100,pread64,2,3.5e-05,1.14,0.02,0.35,17.5,2e-07,3.5e-06
baseline,10000000,100,prlimit64,1,1.2e-05,0.39,0.01,0.12,12.0,1e-07,1.2e-06
baseline,10000000,100,read,4,9.7e-05,3.15,0.04,0.97,24.25,4e-07,9.7e-06
baseline,10000000,100,rseq,1,2.6e-05,0.85,0.01,0.26,26.0,1e-07,2.6e-06
baseline,10000000,100,rt_sigaction,1,0.0,0.0,0.01,0.0,0.0,1e-07,0.0
baseline,10000000,100,rt_sigprocmask,3,9e-06,0.29,0.03,0.09,3.0,3e-07,9e-07
baseline,10000000,100,set_robust_list,1,3.1e-05,1.01,0.01,0.31,31.0,1e-07,3.1e-06
baseline,10000000,100,set_tid_address,1,1.6e-05,0.52,0.01,0.16,16.0,1e-07,1.6e-06
baseline,10000000,100,write,1,1.6e-05,0.52,0.01,0.16,16.0,1e-07,1.6e-06
baseline,10000000,5000,brk,3,3.2e-05,1.15,0.0006,0.0064,10.666666666666666,3e-07,3.2e-06
baseline,10000000,5000,clone3,1,0.000136,4.89,0.0002,0.0272,136.0,1e-07,1.36e-05
baseline,10000000,5000,close,5,7.5e-05,2.7,0.001,0.015,15.0,5e-07,7.5e-06
baseline,10000000,5000,execve,1,0.0,0.0,0.0002,0.0,0.0,1e-07,0.0
baseline,10000000,5000,faccessat,1,0.0,0.0,0.0002,0.0,0.0,1e-07,0.0
baseline,10000000,5000,fstat,6,0.000213,7.66,0.0012,0.0426,35.5,6e-07,2.13e-05
baseline,10000000,5000,futex,4,0.000245,8.81,0.0008,0.049,61.25,4e-07,2.45e-05
baseline,10000000,5000,getrandom,1,7e-06,0.25,0.0002,0.0014,7.0,1e-07,7e-07
baseline,10000000,5000,ioctl,1,9e-06,0.32,0.0002,0.0018,9.0,1e-07,9e-07
baseline,10000000,5000,madvise,1,1.2e-05,0.43,0.0002,0.0024,12.0,1e-07,1.2e-06
baseline,10000000,5000,mmap,22,0.000472,16.97,0.0044,0.0944,21.454545454545453,2.2e-06,4.72e-05
baseline,10000000,5000,mprotect,10,0.000292,10.5,0.002,0.0584,29.2,1e-06,2.92e-05
baseline,10000000,5000,munmap,10,0.000935,33.61,0.002,0.187,93.5,1e-06,9.35e-05
baseline,10000000,5000,openat,5,5.6e-05,2.01,0.001,0.0112,11.2,5e-07,5.6e-06
baseline,10000000,5000,pread64,2,3.8e-05,1.37,0.0004,0.0076,19.0,2e-07,3.8e-06
baseline,10000000,5000,prlimit64,1,9e-06,0.32,0.0002,0.0018,9.0,1e-07,9e-07
baseline,10000000,5000,read,4,9.7e-05,3.49,0.0008,0.0194,24.25,4e-07,9.7e-06
baseline,10000000,5000,rseq,1,1.7e-05,0.61,0.0002,0.0034,17.0,1e-07,1.7e-06
baseline,10000000,5000,rt_sigaction,1,1.6e-05,0.58,0.0002,0.0032,16.0,1e-07,1.6e-06
baseline,10000000,5000,rt_sigprocmask,3,6.7e-05,2.41,0.0006,0.0134,22.333333333333332,3e-07,6.7e-06
baseline,10000000,5000,set_robust_list,1,1.1e-05,0.4,0.0002,0.0022,11.0,1e-07,1.1e-06
baseline,10000000,5000,set_tid_address,1,3e-05,1.08,0.0002,0.006,30.0,1e-07,3e-06
baseline,10000000,5000,write,1,1.3e-05,0.47,0.0002,0.0026,13.0,1e-07,1.3e-06
baseline,10000000,10000,brk,3,7.8e-05,0.43,0.0003,0.0078,26.0,3e-07,7.8e-06
baseline,10000000,10000,clone3,1,9.3e-05,0.52,0.0001,0.0093,93.0,1e-07,9.3e-06
baseline,10000000,10000,close,5,0.000113,0.63,0.0005,0.0113,22.6,5e-07,1.13e-05
baseline,10000000,10000,execve,1,0.0,0.0,0.0001,0.0,0.0,1e-07,0.0
baseline,10000000,10000,faccessat,1,0.0,0.0,0.0001,0.0,0.0,1e-07,0.0
baseline,10000000,10000,fstat,6,0.000233,1.29,0.0006,0.0233,38.833333333333336,6e-07,2.33e-05
baseline,10000000,10000,futex,4,0.000222,1.23,0.0004,0.0222,55.5,4e-07,2.22e-05
baseline,10000000,10000,getrandom,1,1.8e-05,0.1,0.0001,0.0018,18.0,1e-07,1.8e-06
baseline,10000000,10000,ioctl,1,2.9e-05,0.16,0.0001,0.0029,29.0,1e-07,2.9e-06
baseline,10000000,10000,madvise,1,4e-05,0.22,0.0001,0.004,40.0,1e-07,4e-06
baseline,10000000,10000,mmap,22,0.000731,4.06,0.0022,0.0731,33.22727272727273,2.2e-06,7.31e-05
baseline,10000000,10000,mprotect,10,0.00046,2.55,0.001,0.046,46.0,1e-06,4.6e-05
baseline,10000000,10000,munmap,9,0.015539,86.29,0.0009,1.5539,1726.5555555555557,9e-07,0.0015539
baseline,10000000,10000,openat,5,8e-05,0.44,0.0005,0.008,16.0,5e-07,8e-06
baseline,10000000,10000,pread64,2,3.8e-05,0.21,0.0002,0.0038,19.0,2e-07,3.8e-06
baseline,10000000,10000,prlimit64,1,1.9e-05,0.11,0.0001,0.0019,19.0,1e-07,1.9e-06
baseline,10000000,10000,read,4,0.000122,0.68,0.0004,0.0122,30.5,4e-07,1.22e-05
baseline,10000000,10000,rseq,1,2.3e-05,0.13,0.0001,0.0023,23.0,1e-07,2.3e-06
baseline,10000000,10000,rt_sigaction,1,2.2e-05,0.12,0.0001,0.0022,22.0,1e-07,2.2e-06
baseline,10000000,10000,rt_sigprocmask,3,6.9e-05,0.38,0.0003,0.0069,23.0,3e-07,6.9e-06
baseline,10000000,10000,set_robust_list,1,4.9e-05,0.27,0.0001,0.0049,49.0,1e-07,4.9e-06
baseline,10000000,10000,set_tid_address,1,1.2e-05,0.07,0.0001,0.0012,12.0,1e-07,1.2e-06
baseline,10000000,10000,write,1,1.8e-05,0.1,0.0001,0.0018,18.0,1e-07,1.8e-06
baseline,10000000,50000,brk,3,0.0,0.0,6e-05,0.0,0.0,3e-07,0.0
baseline,10000000,50000,clone3,1,0.0,0.0,2e-05,0.0,0.0,1e-07,0.0
baseline,10000000,50000,close,5,0.000138,1.67,0.0001,0.00276,27.6,5e-07,1.38e-05
baseline,10000000,50000,execve,1,0.0,0.0,2e-05,0.0,0.0,1e-07,0.0
baseline,10000000,50000,faccessat,1,0.0,0.0,2e-05,0.0,0.0,1e-07,0.0
baseline,10000000,50000,fstat,6,0.00027,3.28,0.00012,0.0054,45.0,6e-07,2.7e-05
baseline,10000000,50000,futex,4,0.000147,1.78,8e-05,0.00294,36.75,4e-07,1.47e-05
baseline,10000000,50000,getrandom,1,0.0,0.0,2e-05,0.0,0.0,1e-07,0.0
baseline,10000000,50000,ioctl,1,3.4e-05,0.41,2e-05,0.00068,34.0,1e-07,3.4e-06
baseline,10000000,50000,madvise,1,0.0,0.0,2e-05,0.0,0.0,1e-07,0.0
baseline,10000000,50000,mmap,22,0.000644,7.81,0.00044,0.01288,29.272727272727273,2.2e-06,6.44e-05
baseline,10000000,50000,mprotect,10,0.000217,2.63,0.0002,0.00434,21.7,1e-06,2.17e-05
baseline,10000000,50000,munmap,10,0.006471,78.49,0.0002,0.12942,647.1,1e-06,0.0006471
baseline,10000000,50000,openat,5,0.000124,1.5,0.0001,0.00248,24.8,5e-07,1.24e-05
baseline,10000000,50000,pread64,2,3.1e-05,0.38,4e-05,0.00062,15.5,2e-07,3.1e-06
baseline,10000000,50000,prlimit64,1,0.0,0.0,2e-05,0.0,0.0,1e-07,0.0
baseline,10000000,50000,read,4,0.000107,1.3,8e-05,0.00214,26.75,4e-07,1.07e-05
baseline,10000000,50000,rseq,1,1.2e-05,0.15,2e-05,0.00024,12.0,1e-07,1.2e-06
baseline,10000000,50000,rt_sigaction,1,0.0,0.0,2e-05,0.0,0.0,1e-07,0.0
baseline,10000000,50000,rt_sigprocmask,3,0.0,0.0,6e-05,0.0,0.0,3e-07,0.0
baseline,10000000,50000,set_robust_list,1,1.6e-05,0.19,2e-05,0.00032,16.0,1e-07,1.6e-06
baseline,10000000,50000,set_tid_address,1,2.3e-05,0.28,2e-05,0.00046,23.0,1e-07,2.3e-06
baseline,10000000,50000,write,1,1e-05,0.12,2e-05,0.0002,10.0,1e-07,1e-06
baseline,10000000,100000,brk,3,5.1e-05,0.37,3e-05,0.00051,17.0,3e-07,5.1e-06
baseline,10000000,100000,clone3,1,7.8e-05,0.57,1e-05,0.00078,78.0,1e-07,7.8e-06
baseline,10000000,100000,close,5,0.000106,0.77,5e-05,0.00106,21.2,5e-07,1.06e-05
baseline,10000000,100000,execve,1,0.000404,2.95,1e-05,0.00404,404.0,1e-07,4.04e-05
baseline,10000000,100000,faccessat,1,3.3e-05,0.24,1e-05,0.00033,33.0,1e-07,3.3e-06
baseline,10000000,100000,fstat,6,0.000576,4.2,6e-05,0.00576,96.0,6e-07,5.76e-05
baseline,10000000,100000,futex,4,0.000382,2.79,4e-05,0.00382,95.5,4e-07,3.82e-05
baseline,10000000,100000,getrandom,1,0.0,0.0,1e-05,0.0,0.0,1e-07,0.0
baseline,10000000,100000,ioctl,1,9.9e-05,0.72,1e-05,0.00099,99.0,1e-07,9.9e-06
baseline,10000000,100000,madvise,1,1.5e-05,0.11,1e-05,0.00015,15.0,1e-07,1.5e-06
baseline,10000000,100000,mmap,22,0.000967,7.06,0.00022,0.00967,43.95454545454545,2.2e-06,9.67e-05
baseline,10000000,100000,mprotect,10,0.000382,2.79,0.0001,0.00382,38.2,1e-06,3.82e-05
baseline,10000000,100000,munmap,10,0.009992,72.9,0.0001,0.09992,999.2,1e-06,0.0009992
baseline,10000000,100000,openat,5,0.000239,1.74,5e-05,0.00239,47.8,5e-07,2.39e-05
baseline,10000000,100000,pread64,2,4.1e-05,0.3,2e-05,0.00041,20.5,2e-07,4.1e-06
baseline,10000000,100000,prlimit64,1,0.0,0.0,1e-05,0.0,0.0,1e-07,0.0
baseline,10000000,100000,read,4,0.000203,1.48,4e-05,0.00203,50.75,4e-07,2.03e-05
baseline,10000000,100000,rseq,1,1.1e-05,0.08,1e-05,0.00011,11.0,1e-07,1.1e-06
baseline,10000000,100000,rt_sigaction,1,0.0,0.0,1e-05,0.0,0.0,1e-07,0.0
baseline,10000000,100000,rt_sigprocmask,3,9.1e-05,0.66,3e-05,0.00091,30.333333333333332,3e-07,9.1e-06
baseline,10000000,100000,set_robust_list,1,1.4e-05,0.1,1e-05,0.00014,14.0,1e-07,1.4e-06
baseline,10000000,100000,set_tid_address,1,1.1e-05,0.08,1e-05,0.00011,11.0,1e-07,1.1e-06
baseline,10000000,100000,write,1,1.1e-05,0.08,1e-05,0.00011,11.0,1e-07,1.1e-06
kernels,1000000,100,brk,3,2.7e-05,0.65,0.03,0.27,9.0,3e-06,2.7e-05
kernels,1000000,100,clone3,1,4e-05,0.96,0.01,0.4,40.0,1e-06,4e-05
kernels,1000000,100,close,13,0.000318,7.6,0.13,3.18,24.46153846153846,1.3e-05,0.000318
kernels,1000000,100,execve,1,0.0,0.0,0.01,0.0,0.0,1e-06,0.0
kernels,1000000,100,faccessat,1,0.0,0.0,0.01,0.0,0.0,1e-06,0.0
kernels,1000000,100,fstat,14,0.000205,4.9,0.14,2.05,14.642857142857142,1.4e-05,0.000205
kernels,1000000,100,futex,10,0.000709,16.95,0.1,7.09,70.9,1e-05,0.000709
kernels,1000000,100,getrandom,1,1.2e-05,0.29,0.01,0.12,12.0,1e-06,1.2e-05
kernels,1000000,100,ioctl,1,1.7e-05,0.41,0.01,0.17,17.0,1e-06,1.7e-05
kernels,1000000,100,lseek,2,3.3e-05,0.79,0.02,0.33,16.5,2e-06,3.3e-05
kernels,1000000,100,madvise,1,1.7e-05,0.41,0.01,0.17,17.0,1e-06,1.7e-05
kernels,1000000,100,mmap,33,0.000871,20.83,0.33,8.71,26.393939393939394,3.3e-05,0.000871
kernels,1000000,100,mprotect,14,0.000283,6.77,0.14,2.83,20.214285714285715,1.4e-05,0.000283
kernels,1000000,100,munmap,16,0.000441,10.55,0.16,4.41,27.5625,1.6e-05,0.000441
kernels,1000000,100,newfstatat,4,7.2e-05,1.72,0.04,0.72,18.0,4e-06,7.2e-05
kernels,1000000,100,openat,18,0.00043,10.28,0.18,4.3,23.88888888888889,1.8e-05,0.00043
kernels,1000000,100,pread64,2,3.8e-05,0.91,0.02,0.38,19.0,2e-06,3.8e-05
kernels,1000000,100,prlimit64,1,1.3e-05,0.31,0.01,0.13,13.0,1e-06,1.3e-05
kernels,1000000,100,read,12,0.000309,7.39,0.12,3.09,25.75,1.2e-05,0.000309
kernels,1000000,100,rseq,1,1.7e-05,0.41,0.01,0.17,17.0,1e-06,1.7e-05
kernels,1000000,100,rt_sigaction,1,1.4e-05,0.33,0.01,0.14,14.0,1e-06,1.4e-05
kernels,1000000,100,rt_sigprocmask,3,0.000252,6.03,0.03,2.52,84.0,3e-06,0.000252
kernels,1000000,100,set_robust_list,1,1e-05,0.24,0.01,0.1,10.0,1e-06,1e-05
kernels,1000000,100,set_tid_address,1,1.8e-05,0.43,0.01,0.18,18.0,1e-06,1.8e-05
kernels,1000000,100,write,1,3.6e-05,0.86,0.01,0.36,36.0,1e-06,3.6e-05
kernels,1000000,5000,brk,9,2.2e-05,0.11,0.0018,0.0044,2.4444444444444446,9e-06,2.2e-05
kernels,1000000,5000,clone3,1,0.0,0.0,0.0002,0.0,0.0,1e-06,0.0
kernels,1000000,5000,close,13,9.4e-05,0.45,0.0026,0.0188,7.230769230769231,1.3e-05,9.4e-05
kernels,1000000,5000,execve,1,0.000103,0.49,0.0002,0.0206,103.0,1e-06,0.000103
kernels,1000000,5000,faccessat,1,1.4e-05,0.07,0.0002,0.0028,14.0,1e-06,1.4e-05
kernels,1000000,5000,fstat,14,0.000145,0.69,0.0028,0.029,10.357142857142858,1.4e-05,0.000145
kernels,1000000,5000,futex,9,0.018311,87.75,0.0018,3.6622,2034.5555555555557,9e-06,0.018311
kernels,1000000,5000,getrandom,1,0.0,0.0,0.0002,0.0,0.0,1e-06,0.0
kernels,1000000,5000,ioctl,1,2.1e-05,0.1,0.0002,0.0042,21.0,1e-06,2.1e-05
kernels,1000000,5000,lseek,2,0.0,0.0,0.0004,0.0,0.0,2e-06,0.0
kernels,1000000,5000,madvise,1,0.0,0.0,0.0002,0.0,0.0,1e-06,0.0
kernels,1000000,5000,mmap,34,0.000679,3.25,0.0068,0.1358,19.970588235294116,3.4e-05,0.000679
kernels,1000000,5000,mprotect,14,0.000136,0.65,0.0028,0.0272,9.714285714285714,1.4e-05,0.000136
kernels,1000000,5000,munmap,16,0.000921,4.41,0.0032,0.1842,57.5625,1.6e-05,0.000921
kernels,1000000,5000,newfstatat,4,0.0,0.0,0.0008,0.0,0.0,4e-06,0.0
kernels,1000000,5000,openat,18,0.000167,0.8,0.0036,0.0334,9.277777777777779,1.8e-05,0.000167
kernels,1000000,5000,pread64,2,6.4e-05,0.31,0.0004,0.0128,32.0,2e-06,6.4e-05
kernels,1000000,5000,prlimit64,1,0.0,0.0,0.0002,0.0,0.0,1e-06,0.0
kernels,1000000,5000,read,12,0.000136,0.65,0.0024,0.0272,11.333333333333334,1.2e-05,0.000136
kernels,1000000,5000,rseq,1,1.3e-05,0.06,0.0002,0.0026,13.0,1e-06,1.3e-05
kernels,1000000,5000,rt_sigaction,1,0.0,0.0,0.0002,0.0,0.0,1e-06,0.0
kernels,1000000,5000,rt_sigprocmask,3,0.0,0.0,0.0006,0.0,0.0,3e-06,0.0
kernels,1000000,5000,sched_yield,1,6e-06,0.03,0.0002,0.0012,6.0,1e-06,6e-06
kernels,1000000,5000,set_robust_list,1,2.1e-05,0.1,0.0002,0.0042,21.0,1e-06,2.1e-05
kernels,1000000,5000,set_tid_address,1,1.2e-05,0.06,0.0002,0.0024,12.0,1e-06,1.2e-05
kernels,1000000,5000,write,1,2e-06,0.01,0.0002,0.0004,2.0,1e-06,2e-06
kernels,1000000,10000,brk,14,0.000272,1.67,0.0014,0.0272,19.428571428571427,1.4e-05,0.000272
kernels,1000000,10000,clone3,1,3.9e-05,0.24,0.0001,0.0039,39.0,1e-06,3.9e-05
kernels,1000000,10000,close,13,0.000162,1.0,0.0013,0.0162,12.461538461538462,1.3e-05,0.000162
kernels,1000000,10000,execve,1,0.0,0.0,0.0001,0.0,0.0,1e-06,0.0
kernels,1000000,10000,faccessat,1,0.0,0.0,0.0001,0.0,0.0,1e-06,0.0
kernels,1000000,10000,fstat,14,0.000191,1.18,0.0014,0.0191,13.642857142857142,1.4e-05,0.000191
kernels,1000000,10000,futex,10,0.012609,77.57,0.001,1.2609,1260.9,1e-05,0.012609
kernels,1000000,10000,getrandom,1,1.7e-05,0.1,0.0001,0.0017,17.0,1e-06,1.7e-05
kernels,1000000,10000,ioctl,1,0.0,0.0,0.0001,0.0,0.0,1e-06,0.0
kernels,1000000,10000,lseek,2,2.5e-05,0.15,0.0002,0.0025,12.5,2e-06,2.5e-05
kernels,1000000,10000,madvise,1,1.5e-05,0.09,0.0001,0.0015,15.0,1e-06,1.5e-05
kernels,1000000,10000,mmap,35,0.001437,8.84,0.0035,0.1437,41.05714285714286,3.5e-05,0.001437
kernels,1000000,10000,mprotect,14,0.000435,2.68,0.0014,0.0435,31.071428571428573,1.4e-05,0.000435
kernels,1000000,10000,munmap,17,0.000336,2.07,0.0017,0.0336,19.764705882352942,1.7e-05,0.000336
kernels,1000000,10000,newfstatat,4,4.7e-05,0.29,0.0004,0.0047,11.75,4e-06,4.7e-05
kernels,1000000,10000,openat,18,0.000243,1.5,0.0018,0.0243,13.5,1.8e-05,0.000243
kernels,1000000,10000,pread64,2,2.8e-05,0.17,0.0002,0.0028,14.0,2e-06,2.8e-05
kernels,1000000,10000,prlimit64,1,1.4e-05,0.09,0.0001,0.0014,14.0,1e-06,1.4e-05
kernels,1000000,10000,read,12,0.000233,1.43,0.0012,0.0233,19.416666666666668,1.2e-05,0.000233
kernels,1000000,10000,rseq,1,1.6e-05,0.1,0.0001,0.0016,16.0,1e-06,1.6e-05
kernels,1000000,10000,rt_sigaction,1,1.1e-05,0.07,0.0001,0.0011,11.0,1e-06,1.1e-05
kernels,1000000,10000,rt_sigprocmask,3,8.9e-05,0.55,0.0003,0.0089,29.666666666666668,3e-06,8.9e-05
kernels,1000000,10000,set_robust_list,1,1.3e-05,0.08,0.0001,0.0013,13.0,1e-06,1.3e-05
kernels,1000000,10000,set_tid_address,1,2.2e-05,0.14,0.0001,0.0022,22.0,1e-06,2.2e-05
kernels,1000000,10000,write,1,0.0,0.0,0.0001,0.0,0.0,1e-06,0.0
kernels,1000000,50000,brk,62,0.000109,0.01,0.00124,0.00218,1.7580645161290323,6.2e-05,0.000109
kernels,1000000,50000,clone3,1,0.0,0.0,2e-05,0.0,0.0,1e-06,0.0
kernels,1000000,50000,close,13,0.000198,0.01,0.00026,0.00396,15.23076923076923,1.3e-05,0.000198
kernels,1000000,50000,execve,1,0.0,0.0,2e-05,0.0,0.0,1e-06,0.0
kernels,1000000,50000,faccessat,1,0.0,0.0,2e-05,0.0,0.0,1e-06,0.0
kernels,1000000,50000,fstat,14,0.000286,0.02,0.00028,0.00572,20.428571428571427,1.4e-05,0.000286
kernels,1000000,50000,futex,9,1.337612,99.58,0.00018,26.75224,148623.55555555556,9e-06,1.337612
kernels,1000000,50000,getrandom,1,1.3e-05,0.0,2e-05,0.00026,13.0,1e-06,1.3e-05
kernels,1000000,50000,ioctl,1,0.000126,0.01,2e-05,0.00252,126.0,1e-06,0.000126
kernels,1000000,50000,lseek,2,0.0,0.0,4e-05,0.0,0.0,2e-06,0.0
kernels,1000000,50000,madvise,1,0.0,0.0,2e-05,0.0,0.0,1e-06,0.0
kernels,1000000,50000,mmap,36,0.000674,0.05,0.00072,0.01348,18.72222222222222,3.6e-05,0.000674
kernels,1000000,50000,mprotect,14,0.000255,0.02,0.00028,0.0051,18.214285714285715,1.4e-05,0.000255
kernels,1000000,50000,munmap,18,0.003455,0.26,0.00036,0.0691,191.94444444444446,1.8e-05,0.003455
kernels,1000000,50000,newfstatat,4,0.0,0.0,8e-05,0.0,0.0,4e-06,0.0
kernels,1000000,50000,openat,18,0.000125,0.01,0.00036,0.0025,6.944444444444445,1.8e-05,0.000125
kernels,1000000,50000,pread64,2,0.000112,0.01,4e-05,0.00224,56.0,2e-06,0.000112
kernels,1000000,50000,prlimit64,1,1.5e-05,0.0,2e-05,0.0003,15.0,1e-06,1.5e-05
kernels,1000000,50000,read,12,7.9e-05,0.01,0.00024,0.00158,6.583333333333333,1.2e-05,7.9e-05
kernels,1000000,50000,rseq,1,1.3e-05,0.0,2e-05,0.00026,13.0,1e-06,1.3e-05
kernels,1000000,50000,rt_sigaction,1,0.0,0.0,2e-05,0.0,0.0,1e-06,0.0
kernels,1000000,50000,rt_sigprocmask,3,0.0,0.0,6e-05,0.0,0.0,3e-06,0.0
kernels,1000000,50000,sched_yield,1,0.000142,0.01,2e-05,0.00284,142.0,1e-06,0.000142
kernels,1000000,50000,set_robust_list,1,5.8e-05,0.0,2e-05,0.00116,58.0,1e-06,5.8e-05
kernels,1000000,50000,set_tid_address,1,1.2e-05,0.0,2e-05,0.00024,12.0,1e-06,1.2e-05
kernels,1000000,50000,write,1,1.1e-05,0.0,2e-05,0.00022,11.0,1e-06,1.1e-05
kernels,1000000,100000,brk,121,0.005902,0.39,0.00121,0.05902,48.77685950413223,0.000121,0.005902
kernels,1000000,100000,clone3,1,0.000197,0.01,1e-05,0.00197,197.0,1e-06,0.000197
kernels,1000000,100000,close,13,0.000216,0.01,0.00013,0.00216,16.615384615384617,1.3e-05,0.000216
kernels,1000000,100000,execve,1,0.001745,0.11,1e-05,0.01745,1745.0,1e-06,0.001745
kernels,1000000,100000,faccessat,1,4.4e-05,0.0,1e-05,0.00044,44.0,1e-06,4.4e-05
kernels,1000000,100000,fstat,14,0.000212,0.01,0.00014,0.00212,15.142857142857142,1.4e-05,0.000212
kernels,1000000,100000,futex,9,1.509497,98.91,9e-05,15.09497,167721.88888888888,9e-06,1.509497
kernels,1000000,100000,getrandom,1,1.7e-05,0.0,1e-05,0.00017,17.0,1e-06,1.7e-05
kernels,1000000,100000,ioctl,1,1.1e-05,0.0,1e-05,0.00011,11.0,1e-06,1.1e-05
kernels,1000000,100000,lseek,2,2.3e-05,0.0,2e-05,0.00023,11.5,2e-06,2.3e-05
kernels,1000000,100000,madvise,1,0.000146,0.01,1e-05,0.00146,146.0,1e-06,0.000146
kernels,1000000,100000,mmap,38,0.001149,0.08,0.00038,0.01149,30.236842105263158,3.8e-05,0.001149
kernels,1000000,100000,mprotect,14,0.000281,0.02,0.00014,0.00281,20.071428571428573,1.4e-05,0.000281
kernels,1000000,100000,munmap,20,0.00523,0.34,0.0002,0.0523,261.5,2e-05,0.00523
kernels,1000000,100000,newfstatat,4,7.6e-05,0.0,4e-05,0.00076,19.0,4e-06,7.6e-05
kernels,1000000,100000,openat,18,0.000674,0.04,0.00018,0.00674,37.44444444444444,1.8e-05,0.000674
kernels,1000000,100000,pread64,2,2e-05,0.0,2e-05,0.0002,10.0,2e-06,2e-05
kernels,1000000,100000,prlimit64,1,1.3e-05,0.0,1e-05,0.00013,13.0,1e-06,1.3e-05
kernels,1000000,100000,read,12,0.0004,0.03,0.00012,0.004,33.333333333333336,1.2e-05,0.0004
kernels,1000000,100000,rseq,1,1e-05,0.0,1e-05,0.0001,10.0,1e-06,1e-05
kernels,1000000,100000,rt_sigaction,1,1.2e-05,0.0,1e-05,0.00012,12.0,1e-06,1.2e-05
kernels,1000000,100000,rt_sigprocmask,3,3.9e-05,0.0,3e-05,0.00039,13.0,3e-06,3.9e-05
kernels,1000000,100000,sched_yield,1,0.000164,0.01,1e-05,0.00164,164.0,1e-06,0.000164
kernels,1000000,100000,set_robust_list,1,1e-05,0.0,1e-05,0.0001,10.0,1e-06,1e-05
kernels,1000000,100000,set_tid_address,1,1.2e-05,0.0,1e-05,0.00012,12.0,1e-06,1.2e-05
kernels,1000000,100000,write,1,1e-06,0.0,1e-05,1e-05,1.0,1e-06,1e-06
kernels,5000000,100,brk,3,1.7e-05,0.25,0.03,0.17,5.666666666666667,6e-07,3.4e-06
kernels,5000000,100,clone3,1,0.0,0.0,0.01,0.0,0.0,2e-07,0.0
kernels,5000000,100,close,13,0.000367,5.4,0.13,3.67,28.23076923076923,2.6e-06,7.34e-05
kernels,5000000,100,execve,1,0.0,0.0,0.01,0.0,0.0,2e-07,0.0
kernels,5000000,100,faccessat,1,0.0,0.0,0.01,0.0,0.0,2e-07,0.0
kernels,5000000,100,fstat,14,0.000468,6.89,0.14,4.68,33.42857142857143,2.8e-06,9.36e-05
kernels,5000000,100,futex,9,0.001832,26.96,0.09,18.32,203.55555555555554,1.8e-06,0.0003664
kernels,5000000,100,getrandom,1,8e-06,0.12,0.01,0.08,8.0,2e-07,1.6e-06
kernels,5000000,100,ioctl,1,0.00012,1.77,0.01,1.2,120.0,2e-07,2.4e-05
kernels,5000000,100,lseek,2,2.9e-05,0.43,0.02,0.29,14.5,4e-07,5.8e-06
kernels,5000000,100,madvise,1,0.0,0.0,0.01,0.0,0.0,2e-07,0.0
kernels,5000000,100,mmap,33,0.0008,11.77,0.33,8.0,24.242424242424242,6.6e-06,0.00016
kernels,5000000,100,mprotect,14,0.00024,3.53,0.14,2.4,17.142857142857142,2.8e-06,4.8e-05
kernels,5000000,100,munmap,16,0.000485,7.14,0.16,4.85,30.3125,3.2e-06,9.7e-05
kernels,5000000,100,newfstatat,4,0.00012,1.77,0.04,1.2,30.0,8e-07,2.4e-05
kernels,5000000,100,openat,18,0.001681,24.74,0.18,16.81,93.38888888888889,3.6e-06,0.0003362
kernels,5000000,100,pread64,2,2.4e-05,0.35,0.02,0.24,12.0,4e-07,4.8e-06
kernels,5000000,100,prlimit64,1,1e-05,0.15,0.01,0.1,10.0,2e-07,2e-06
kernels,5000000,100,read,12,0.000581,8.55,0.12,5.81,48.416666666666664,2.4e-06,0.0001162
kernels,5000000,100,rseq,1,8e-06,0.12,0.01,0.08,8.0,2e-07,1.6e-06
kernels,5000000,100,rt_sigaction,1,0.0,0.0,0.01,0.0,0.0,2e-07,0.0
kernels,5000000,100,rt_sigprocmask,3,0.0,0.0,0.03,0.0,0.0,6e-07,0.0
kernels,5000000,100,set_robust_list,1,0.0,0.0,0.01,0.0,0.0,2e-07,0.0
kernels,5000000,100,set_tid_address,1,0.0,0.0,0.01,0.0,0.0,2e-07,0.0
kernels,5000000,100,write,1,5e-06,0.07,0.01,0.05,5.0,2e-07,1e-06
kernels,5000000,5000,brk,9,0.000216,0.3,0.0018,0.0432,24.0,1.8e-06,4.32e-05
kernels,5000000,5000,clone3,1,6.6e-05,0.09,0.0002,0.0132,66.0,2e-07,1.32e-05
kernels,5000000,5000,close,13,7.9e-05,0.11,0.0026,0.0158,6.076923076923077,2.6e-06,1.58e-05
kernels,5000000,5000,execve,1,0.000149,0.21,0.0002,0.0298,149.0,2e-07,2.98e-05
kernels,5000000,5000,faccessat,1,1.3e-05,0.02,0.0002,0.0026,13.0,2e-07,2.6e-06
kernels,5000000,5000,fstat,14,0.00014,0.19,0.0028,0.028,10.0,2.8e-06,2.8e-05
kernels,5000000,5000,futex,10,0.067656,93.97,0.002,13.5312,6765.6,2e-06,0.0135312
kernels,5000000,5000,getrandom,1,0.0,0.0,0.0002,0.0,0.0,2e-07,0.0
kernels,5000000,5000,ioctl,1,1.2e-05,0.02,0.0002,0.0024,12.0,2e-07,2.4e-06
kernels,5000000,5000,lseek,2,1e-05,0.01,0.0004,0.002,5.0,4e-07,2e-06
kernels,5000000,5000,madvise,1,2e-05,0.03,0.0002,0.004,20.0,2e-07,4e-06
kernels,5000000,5000,mmap,33,0.000367,0.51,0.0066,0.0734,11.121212121212121,6.6e-06,7.34e-05
kernels,5000000,5000,mprotect,14,8.6e-05,0.12,0.0028,0.0172,6.142857142857143,2.8e-06,1.72e-05
kernels,5000000,5000,munmap,16,0.002405,3.34,0.0032,0.481,150.3125,3.2e-06,0.000481
kernels,5000000,5000,newfstatat,4,9.7e-05,0.13,0.0008,0.0194,24.25,8e-07,1.94e-05
kernels,5000000,5000,openat,18,0.000186,0.26,0.0036,0.0372,10.333333333333334,3.6e-06,3.72e-05
kernels,5000000,5000,pread64,2,1.3e-05,0.02,0.0004,0.0026,6.5,4e-07,2.6e-06
kernels,5000000,5000,prlimit64,1,0.0,0.0,0.0002,0.0,0.0,2e-07,0.0
kernels,5000000,5000,read,12,7.3e-05,0.1,0.0024,0.0146,6.083333333333333,2.4e-06,1.46e-05
kernels,5000000,5000,rseq,1,6e-06,0.01,0.0002,0.0012,6.0,2e-07,1.2e-06
kernels,5000000,5000,rt_sigaction,1,1.4e-05,0.02,0.0002,0.0028,14.0,2e-07,2.8e-06
kernels,5000000,5000,rt_sigprocmask,3,0.000255,0.35,0.0006,0.051000000000000004,85.00000000000001,6e-07,5.1000000000000006e-05
kernels,5000000,5000,set_robust_list,1,1.2e-05,0.02,0.0002,0.0024,12.0,2e-07,2.4e-06
kernels,5000000,5000,set_tid_address,1,6e-06,0.01,0.0002,0.0012,6.0,2e-07,1.2e-06
kernels,5000000,5000,write,1,0.000115,0.16,0.0002,0.023,115.0,2e-07,2.3e-05
kernels,5000000,10000,brk,15,0.000181,0.21,0.0015,0.0181,12.066666666666666,3e-06,3.62e-05
kernels,5000000,10000,clone3,1,9.8e-05,0.11,0.0001,0.0098,98.0,2e-07,1.96e-05
kernels,5000000,10000,close,13,0.00024,0.27,0.0013,0.024,18.46153846153846,2.6e-06,4.8e-05
kernels,5000000,10000,execve,1,0.0002,0.23,0.0001,0.02,200.0,2e-07,4e-05
kernels,5000000,10000,faccessat,1,1.7e-05,0.02,0.0001,0.0017,17.0,2e-07,3.4e-06
kernels,5000000,10000,fstat,14,0.000289,0.33,0.0014,0.0289,20.642857142857142,2.8e-06,5.78e-05
kernels,5000000,10000,futex,9,0.081964,93.86,0.0009,8.1964,9107.111111111111,1.8e-06,0.0163928
kernels,5000000,10000,getrandom,1,1.6e-05,0.02,0.0001,0.0016,16.0,2e-07,3.2e-06
kernels,5000000,10000,ioctl,1,1.5e-05,0.02,0.0001,0.0015,15.0,2e-07,3e-06
kernels,5000000,10000,lseek,2,3.7e-05,0.04,0.0002,0.0037,18.5,4e-07,7.4e-06
kernels,5000000,10000,madvise,1,1.8e-05,0.02,0.0001,0.0018,18.0,2e-07,3.6e-06
kernels,5000000,10000,mmap,35,0.001052,1.2,0.0035,0.1052,30.057142857142857,7e-06,0.0002104
kernels,5000000,10000,mprotect,14,0.000396,0.45,0.0014,0.0396,28.285714285714285,2.8e-06,7.92e-05
kernels,5000000,10000,munmap,17,0.001802,2.06,0.0017,0.1802,106.0,3.4e-06,0.0003604
kernels,5000000,10000,newfstatat,4,9.7e-05,0.11,0.0004,0.0097,24.25,8e-07,1.94e-05
kernels,5000000,10000,openat,18,0.000347,0.4,0.0018,0.0347,19.27777777777778,3.6e-06,6.94e-05
kernels,5000000,10000,pread64,2,4.9e-05,0.06,0.0002,0.0049,24.5,4e-07,9.8e-06
kernels,5000000,10000,prlimit64,1,2.5e-05,0.03,0.0001,0.0025,25.0,2e-07,5e-06
kernels,5000000,10000,read,12,0.000288,0.33,0.0012,0.0288,24.0,2.4e-06,5.76e-05
kernels,5000000,10000,rseq,1,1.2e-05,0.01,0.0001,0.0012,12.0,2e-07,2.4e-06
kernels,5000000,10000,rt_sigaction,1,1.2e-05,0.01,0.0001,0.0012,12.0,2e-07,2.4e-06
kernels,5000000,10000,rt_sigprocmask,3,4.9e-05,0.06,0.0003,0.0049,16.333333333333332,6e-07,9.8e-06
kernels,5000000,10000,sched_yield,1,7.7e-05,0.09,0.0001,0.0077,77.0,2e-07,1.54e-05
kernels,5000000,10000,set_robust_list,1,3e-05,0.03,0.0001,0.003,30.0,2e-07,6e-06
kernels,5000000,10000,set_tid_address,1,1.3e-05,0.01,0.0001,0.0013,13.0,2e-07,2.6e-06
kernels,5000000,10000,write,1,0.0,0.0,0.0001,0.0,0.0,2e-07,0.0
kernels,5000000,50000,brk,62,0.000378,0.06,0.00124,0.00756,6.096774193548387,1.24e-05,7.56e-05
kernels,5000000,50000,clone3,1,3.6e-05,0.01,2e-05,0.00072,36.0,2e-07,7.2e-06
kernels,5000000,50000,close,13,0.000154,0.02,0.00026,0.00308,11.846153846153847,2.6e-06,3.08e-05
kernels,5000000,50000,execve,1,0.000351,0.06,2e-05,0.00702,351.0,2e-07,7.02e-05
kernels,5000000,50000,faccessat,1,1.4e-05,0.0,2e-05,0.00028,14.0,2e-07,2.8e-06
kernels,5000000,50000,fstat,14,0.000304,0.05,0.00028,0.00608,21.714285714285715,2.8e-06,6.08e-05
kernels,5000000,50000,futex,10,0.613658,97.19,0.0002,12.27316,61365.8,2e-06,0.1227316
kernels,5000000,50000,getrandom,1,0.0,0.0,2e-05,0.0,0.0,2e-07,0.0
kernels,5000000,50000,ioctl,1,0.000356,0.06,2e-05,0.00712,356.0,2e-07,7.12e-05
kernels,5000000,50000,lseek,2,1.9e-05,0.0,4e-05,0.00038,9.5,4e-07,3.8e-06
kernels,5000000,50000,madvise,1,1.1e-05,0.0,2e-05,0.00022,11.0,2e-07,2.2e-06
kernels,5000000,50000,mmap,37,0.000906,0.14,0.00074,0.01812,24.486486486486488,7.4e-06,0.0001812
kernels,5000000,50000,mprotect,14,0.000229,0.04,0.00028,0.00458,16.357142857142858,2.8e-06,4.58e-05
kernels,5000000,50000,munmap,19,0.013809,2.19,0.00038,0.27618,726.7894736842105,3.8e-06,0.0027618
kernels,5000000,50000,newfstatat,4,4.9e-05,0.01,8e-05,0.00098,12.25,8e-07,9.8e-06
kernels,5000000,50000,openat,18,0.000638,0.1,0.00036,0.01276,35.44444444444444,3.6e-06,0.0001276
kernels,5000000,50000,pread64,2,2.4e-05,0.0,4e-05,0.00048,12.0,4e-07,4.8e-06
kernels,5000000,50000,prlimit64,1,0.0,0.0,2e-05,0.0,0.0,2e-07,0.0
kernels,5000000,50000,read,12,0.00036,0.06,0.00024,0.0072,30.0,2.4e-06,7.2e-05
kernels,5000000,50000,rseq,1,9e-06,0.0,2e-05,0.00018,9.0,2e-07,1.8e-06
kernels,5000000,50000,rt_sigaction,1,1.1e-05,0.0,2e-05,0.00022,11.0,2e-07,2.2e-06
kernels,5000000,50000,rt_sigprocmask,3,6e-05,0.01,6e-05,0.0012,20.0,6e-07,1.2e-05
kernels,5000000,50000,sched_yield,1,1e-05,0.0,2e-05,0.0002,10.0,2e-07,2e-06
kernels,5000000,50000,set_robust_list,1,1.2e-05,0.0,2e-05,0.00024,12.0,2e-07,2.4e-06
kernels,5000000,50000,set_tid_address,1,1.2e-05,0.0,2e-05,0.00024,12.0,2e-07,2.4e-06
kernels,5000000,50000,write,1,0.0,0.0,2e-05,0.0,0.0,2e-07,0.0
kernels,5000000,100000,brk,121,7.4e-05,0.01,0.00121,0.00074,0.6115702479338843,2.42e-05,1.48e-05
kernels,5000000,100000,clone3,1,5.4e-05,0.0,1e-05,0.00054,54.0,2e-07,1.08e-05
kernels,5000000,100000,close,13,0.000167,0.01,0.00013,0.00167,12.846153846153847,2.6e-06,3.34e-05
kernels,5000000,100000,execve,1,0.000307,0.03,1e-05,0.00307,307.0,2e-07,6.14e-05
kernels,5000000,100000,faccessat,1,1.4e-05,0.0,1e-05,0.00014,14.0,2e-07,2.8e-06
kernels,5000000,100000,fstat,14,0.000283,0.02,0.00014,0.00283,20.214285714285715,2.8e-06,5.66e-05
kernels,5000000,100000,futex,9,1.176538,99.01,9e-05,11.76538,130726.44444444444,1.8e-06,0.2353076
kernels,5000000,100000,getrandom,1,0.0,0.0,1e-05,0.0,0.0,2e-07,0.0
kernels,5000000,100000,ioctl,1,0.000139,0.01,1e-05,0.00139,139.0,2e-07,2.78e-05
kernels,5000000,100000,lseek,2,2.1e-05,0.0,2e-05,0.00021,10.5,4e-07,4.2e-06
kernels,5000000,100000,madvise,1,1.4e-05,0.0,1e-05,0.00014,14.0,2e-07,2.8e-06
kernels,5000000,100000,mmap,38,0.001536,0.13,0.00038,0.01536,40.421052631578945,7.6e-06,0.0003072
kernels,5000000,100000,mprotect,14,0.000187,0.02,0.00014,0.00187,13.357142857142858,2.8e-06,3.74e-05
kernels,5000000,100000,munmap,20,0.007942,0.67,0.0002,0.07941999999999999,397.09999999999997,4e-06,0.0015883999999999998
kernels,5000000,100000,newfstatat,4,6.2e-05,0.01,4e-05,0.00062,15.5,8e-07,1.24e-05
kernels,5000000,100000,openat,18,0.000508,0.04,0.00018,0.00508,28.22222222222222,3.6e-06,0.0001016
kernels,5000000,100000,pread64,2,2.5e-05,0.0,2e-05,0.00025,12.5,4e-07,5e-06
kernels,5000000,100000,prlimit64,1,0.0,0.0,1e-05,0.0,0.0,2e-07,0.0
kernels,5000000,100000,read,12,0.000287,0.02,0.00012,0.00287,23.916666666666668,2.4e-06,5.74e-05
kernels,5000000,100000,rseq,1,1.3e-05,0.0,1e-05,0.00013,13.0,2e-07,2.6e-06
kernels,5000000,100000,rt_sigaction,1,1.3e-05,0.0,1e-05,0.00013,13.0,2e-07,2.6e-06
kernels,5000000,100000,rt_sigprocmask,3,0.000137,0.01,3e-05,0.00137,45.666666666666664,6e-07,2.74e-05
kernels,5000000,100000,set_robust_list,1,9e-06,0.0,1e-05,9e-05,9.0,2e-07,1.8e-06
kernels,5000000,100000,set_tid_address,1,1e-05,0.0,1e-05,0.0001,10.0,2e-07,2e-06
kernels,5000000,100000,write,1,0.0,0.0,1e-05,0.0,0.0,2e-07,0.0
kernels,10000000,100,brk,3,1.9e-05,0.15,0.03,0.19,6.333333333333333,3e-07,1.9e-06
kernels,10000000,100,clone3,1,6.8e-05,0.53,0.01,0.68,68.0,1e-07,6.8e-06
kernels,10000000,100,close,13,0.000323,2.52,0.13,3.23,24.846153846153847,1.3e-06,3.23e-05
kernels,10000000,100,execve,1,0.0,0.0,0.01,0.0,0.0,1e-07,0.0
kernels,10000000,100,faccessat,1,0.0,0.0,0.01,0.0,0.0,1e-07,0.0
kernels,10000000,100,fstat,14,0.000302,2.36,0.14,3.02,21.571428571428573,1.4e-06,3.02e-05
kernels,10000000,100,futex,10,0.006061,47.33,0.1,60.61,606.1,1e-06,0.0006061
kernels,10000000,100,getrandom,1,1.8e-05,0.14,0.01,0.18,18.0,1e-07,1.8e-06
kernels,10000000,100,ioctl,1,0.000146,1.14,0.01,1.46,146.0,1e-07,1.46e-05
kernels,10000000,100,lseek,2,4.4e-05,0.34,0.02,0.44,22.0,2e-07,4.4e-06
kernels,10000000,100,madvise,1,3.8e-05,0.3,0.01,0.38,38.0,1e-07,3.8e-06
kernels,10000000,100,mmap,33,0.001165,9.1,0.33,11.65,35.303030303030305,3.3e-06,0.0001165
kernels,10000000,100,mprotect,14,0.000291,2.27,0.14,2.91,20.785714285714285,1.4e-06,2.91e-05
kernels,10000000,100,munmap,16,0.002543,19.86,0.16,25.43,158.9375,1.6e-06,0.0002543
kernels,10000000,100,newfstatat,4,6.3e-05,0.49,0.04,0.63,15.75,4e-07,6.3e-06
kernels,10000000,100,openat,18,0.000937,7.32,0.18,9.37,52.05555555555556,1.8e-06,9.37e-05
kernels,10000000,100,pread64,2,3.5e-05,0.27,0.02,0.35,17.5,2e-07,3.5e-06
kernels,10000000,100,prlimit64,1,1.1e-05,0.09,0.01,0.11,11.0,1e-07,1.1e-06
kernels,10000000,100,read,12,0.000364,2.84,0.12,3.64,30.333333333333332,1.2e-06,3.64e-05
kernels,10000000,100,rseq,1,1.2e-05,0.09,0.01,0.12,12.0,1e-07,1.2e-06
kernels,10000000,100,rt_sigaction,1,4.5e-05,0.35,0.01,0.45,45.0,1e-07,4.5e-06
kernels,10000000,100,rt_sigprocmask,3,0.000276,2.16,0.03,2.76,92.0,3e-07,2.76e-05
kernels,10000000,100,set_robust_list,1,1.4e-05,0.11,0.01,0.14,14.0,1e-07,1.4e-06
kernels,10000000,100,set_tid_address,1,1.1e-05,0.09,0.01,0.11,11.0,1e-07,1.1e-06
kernels,10000000,100,write,1,2.1e-05,0.16,0.01,0.21,21.0,1e-07,2.1e-06
kernels,10000000,5000,brk,8,0.000158,0.22,0.0016,0.0316,19.75,8e-07,1.58e-05
kernels,10000000,5000,clone3,1,0.000131,0.18,0.0002,0.0262,131.0,1e-07,1.31e-05
kernels,10000000,5000,close,13,0.000164,0.23,0.0026,0.0328,12.615384615384615,1.3e-06,1.64e-05
kernels,10000000,5000,execve,1,0.0,0.0,0.0002,0.0,0.0,1e-07,0.0
kernels,10000000,5000,faccessat,1,0.0,0.0,0.0002,0.0,0.0,1e-07,0.0
kernels,10000000,5000,fstat,14,0.000194,0.27,0.0028,0.0388,13.857142857142858,1.4e-06,1.94e-05
kernels,10000000,5000,futex,9,0.066389,93.61,0.0018,13.2778,7376.555555555556,9e-07,0.0066389
kernels,10000000,5000,getrandom,1,1.1e-05,0.02,0.0002,0.0022,11.0,1e-07,1.1e-06
kernels,10000000,5000,ioctl,1,7e-06,0.01,0.0002,0.0014,7.0,1e-07,7e-07
kernels,10000000,5000,lseek,2,2.5e-05,0.04,0.0004,0.005,12.5,2e-07,2.5e-06
kernels,10000000,5000,madvise,1,1.4e-05,0.02,0.0002,0.0028,14.0,1e-07,1.4e-06
kernels,10000000,5000,mmap,34,0.000859,1.21,0.0068,0.1718,25.264705882352942,3.4e-06,8.59e-05
kernels,10000000,5000,mprotect,14,0.000316,0.45,0.0028,0.0632,22.571428571428573,1.4e-06,3.16e-05
kernels,10000000,5000,munmap,16,0.00188,2.65,0.0032,0.376,117.5,1.6e-06,0.000188
kernels,10000000,5000,newfstatat,4,4.4e-05,0.06,0.0008,0.0088,11.0,4e-07,4.4e-06
kernels,10000000,5000,openat,18,0.00027,0.38,0.0036,0.054,15.0,1.8e-06,2.7e-05
kernels,10000000,5000,pread64,2,4.1e-05,0.06,0.0004,0.0082,20.5,2e-07,4.1e-06
kernels,10000000,5000,prlimit64,1,5.4e-05,0.08,0.0002,0.0108,54.0,1e-07,5.4e-06
kernels,10000000,5000,read,12,0.000231,0.33,0.0024,0.0462,19.25,1.2e-06,2.31e-05
kernels,10000000,5000,rseq,1,1.2e-05,0.02,0.0002,0.0024,12.0,1e-07,1.2e-06
kernels,10000000,5000,rt_sigaction,1,8e-06,0.01,0.0002,0.0016,8.0,1e-07,8e-07
kernels,10000000,5000,rt_sigprocmask,3,3.6e-05,0.05,0.0006,0.0072,12.0,3e-07,3.6e-06
kernels,10000000,5000,sched_yield,1,5.2e-05,0.07,0.0002,0.0104,52.0,1e-07,5.2e-06
kernels,10000000,5000,set_robust_list,1,1.7e-05,0.02,0.0002,0.0034,17.0,1e-07,1.7e-06
kernels,10000000,5000,set_tid_address,1,1.1e-05,0.02,0.0002,0.0022,11.0,1e-07,1.1e-06
kernels,10000000,5000,write,1,0.0,0.0,0.0002,0.0,0.0,1e-07,0.0
kernels,10000000,10000,brk,14,0.000139,0.1,0.0014,0.0139,9.928571428571429,1.4e-06,1.39e-05
kernels,10000000,10000,clone3,1,0.00014,0.11,0.0001,0.014,140.0,1e-07,1.4e-05
kernels,10000000,10000,close,13,0.000137,0.1,0.0013,0.0137,10.538461538461538,1.3e-06,1.37e-05
kernels,10000000,10000,execve,1,0.0,0.0,0.0001,0.0,0.0,1e-07,0.0
kernels,10000000,10000,faccessat,1,0.0,0.0,0.0001,0.0,0.0,1e-07,0.0
kernels,10000000,10000,fstat,14,0.00013,0.1,0.0014,0.013,9.285714285714286,1.4e-06,1.3e-05
kernels,10000000,10000,futex,10,0.125666,94.74,0.001,12.5666,12566.6,1e-06,0.0125666
kernels,10000000,10000,getrandom,1,1.4e-05,0.01,0.0001,0.0014,14.0,1e-07,1.4e-06
kernels,10000000,10000,ioctl,1,1.5e-05,0.01,0.0001,0.0015,15.0,1e-07,1.5e-06
kernels,10000000,10000,lseek,2,3e-05,0.02,0.0002,0.003,15.0,2e-07,3e-06
kernels,10000000,10000,madvise,1,1.7e-05,0.01,0.0001,0.0017,17.0,1e-07,1.7e-06
kernels,10000000,10000,mmap,35,0.000395,0.3,0.0035,0.0395,11.285714285714286,3.5e-06,3.95e-05
kernels,10000000,10000,mprotect,14,0.000259,0.2,0.0014,0.0259,18.5,1.4e-06,2.59e-05
kernels,10000000,10000,munmap,17,0.004994,3.77,0.0017,0.4994,293.7647058823529,1.7e-06,0.0004994
kernels,10000000,10000,newfstatat,4,8.2e-05,0.06,0.0004,0.0082,20.5,4e-07,8.2e-06
kernels,10000000,10000,openat,18,0.000251,0.19,0.0018,0.025099999999999997,13.944444444444443,1.8e-06,2.5099999999999997e-05
kernels,10000000,10000,pread64,2,0.0,0.0,0.0002,0.0,0.0,2e-07,0.0
kernels,10000000,10000,prlimit64,1,2.8e-05,0.02,0.0001,0.0028,28.0,1e-07,2.8e-06
kernels,10000000,10000,read,12,0.000152,0.11,0.0012,0.0152,12.666666666666666,1.2e-06,1.52e-05
kernels,10000000,10000,rseq,1,1.3e-05,0.01,0.0001,0.0013,13.0,1e-07,1.3e-06
kernels,10000000,10000,rt_sigaction,1,3.1e-05,0.02,0.0001,0.0031,31.0,1e-07,3.1e-06
kernels,10000000,10000,rt_sigprocmask,3,0.000109,0.08,0.0003,0.0109,36.333333333333336,3e-07,1.09e-05
kernels,10000000,10000,sched_yield,1,1.3e-05,0.01,0.0001,0.0013,13.0,1e-07,1.3e-06
kernels,10000000,10000,set_robust_list,1,1.3e-05,0.01,0.0001,0.0013,13.0,1e-07,1.3e-06
kernels,10000000,10000,set_tid_address,1,1.2e-05,0.01,0.0001,0.0012,12.0,1e-07,1.2e-06
kernels,10000000,10000,write,1,0.0,0.0,0.0001,0.0,0.0,1e-07,0.0
kernels,10000000,50000,brk,62,0.000343,0.05,0.00124,0.00686,5.532258064516129,6.2e-06,3.43e-05
kernels,10000000,50000,clone3,1,2.6e-05,0.0,2e-05,0.00052,26.0,1e-07,2.6e-06
kernels,10000000,50000,close,13,0.000199,0.03,0.00026,0.00398,15.307692307692308,1.3e-06,1.99e-05
kernels,10000000,50000,execve,1,0.000254,0.04,2e-05,0.00508,254.0,1e-07,2.54e-05
kernels,10000000,50000,faccessat,1,1.3e-05,0.0,2e-05,0.00026,13.0,1e-07,1.3e-06
kernels,10000000,50000,fstat,14,0.000191,0.03,0.00028,0.00382,13.642857142857142,1.4e-06,1.91e-05
kernels,10000000,50000,futex,10,0.6601,98.34,0.0002,13.202,66010.0,1e-06,0.06601
kernels,10000000,50000,getrandom,1,0.0,0.0,2e-05,0.0,0.0,1e-07,0.0
kernels,10000000,50000,ioctl,1,0.0,0.0,2e-05,0.0,0.0,1e-07,0.0
kernels,10000000,50000,lseek,2,2.3e-05,0.0,4e-05,0.00046,11.5,2e-07,2.3e-06
kernels,10000000,50000,madvise,1,1.1e-05,0.0,2e-05,0.00022,11.0,1e-07,1.1e-06
kernels,10000000,50000,mmap,37,0.000926,0.14,0.00074,0.01852,25.027027027027028,3.7e-06,9.26e-05
kernels,10000000,50000,mprotect,14,0.000186,0.03,0.00028,0.00372,13.285714285714286,1.4e-06,1.86e-05
kernels,10000000,50000,munmap,19,0.007676,1.14,0.00038,0.15352,404.0,1.9e-06,0.0007676
kernels,10000000,50000,newfstatat,4,5.3e-05,0.01,8e-05,0.00106,13.25,4e-07,5.3e-06
kernels,10000000,50000,openat,18,0.00037,0.06,0.00036,0.0074,20.555555555555557,1.8e-06,3.7e-05
kernels,10000000,50000,pread64,2,6.9e-05,0.01,4e-05,0.00138,34.5,2e-07,6.9e-06
kernels,10000000,50000,prlimit64,1,0.0,0.0,2e-05,0.0,0.0,1e-07,0.0
kernels,10000000,50000,read,12,0.00027,0.04,0.00024,0.0054,22.5,1.2e-06,2.7e-05
kernels,10000000,50000,rseq,1,1.1e-05,0.0,2e-05,0.00022,11.0,1e-07,1.1e-06
kernels,10000000,50000,rt_sigaction,1,1.1e-05,0.0,2e-05,0.00022,11.0,1e-07,1.1e-06
kernels,10000000,50000,rt_sigprocmask,3,4.1e-05,0.01,6e-05,0.00082,13.666666666666666,3e-07,4.1e-06
kernels,10000000,50000,sched_yield,1,1.2e-05,0.0,2e-05,0.00024,12.0,1e-07,1.2e-06
kernels,10000000,50000,set_robust_list,1,2e-05,0.0,2e-05,0.0004,20.0,1e-07,2e-06
kernels,10000000,50000,set_tid_address,1,2.1e-05,0.0,2e-05,0.00042,21.0,1e-07,2.1e-06
kernels,10000000,50000,write,1,0.000421,0.06,2e-05,0.00842,421.0,1e-07,4.21e-05
kernels,10000000,100000,brk,121,0.00369,0.26,0.00121,0.0369,30.49586776859504,1.21e-05,0.000369
kernels,10000000,100000,clone3,1,7.3e-05,0.01,1e-05,0.00073,73.0,1e-07,7.3e-06
kernels,10000000,100000,close,13,0.000212,0.01,0.00013,0.00212,16.307692307692307,1.3e-06,2.12e-05
kernels,10000000,100000,execve,1,0.0,0.0,1e-05,0.0,0.0,1e-07,0.0
kernels,10000000,100000,faccessat,1,0.0,0.0,1e-05,0.0,0.0,1e-07,0.0
kernels,10000000,100000,fstat,14,0.00028,0.02,0.00014,0.0028,20.0,1.4e-06,2.8e-05
kernels,10000000,100000,futex,9,1.407666,98.4,9e-05,14.07666,156407.33333333334,9e-07,0.1407666
kernels,10000000,100000,getrandom,1,1.4e-05,0.0,1e-05,0.00014,14.0,1e-07,1.4e-06
kernels,10000000,100000,ioctl,1,0.0,0.0,1e-05,0.0,0.0,1e-07,0.0
kernels,10000000,100000,lseek,2,3.1e-05,0.0,2e-05,0.00031,15.5,2e-07,3.1e-06
kernels,10000000,100000,madvise,1,1.7e-05,0.0,1e-05,0.00017,17.0,1e-07,1.7e-06
kernels,10000000,100000,mmap,38,0.000806,0.06,0.00038,0.00806,21.210526315789473,3.8e-06,8.06e-05
kernels,10000000,100000,mprotect,14,0.000234,0.02,0.00014,0.00234,16.714285714285715,1.4e-06,2.34e-05
kernels,10000000,100000,munmap,20,0.015747,1.1,0.0002,0.15747,787.35,2e-06,0.0015747
kernels,10000000,100000,newfstatat,4,7.2e-05,0.01,4e-05,0.00072,18.0,4e-07,7.2e-06
kernels,10000000,100000,openat,18,0.000986,0.07,0.00018,0.009859999999999999,54.77777777777777,1.8e-06,9.859999999999998e-05
kernels,10000000,100000,pread64,2,2.5e-05,0.0,2e-05,0.00025,12.5,2e-07,2.5e-06
kernels,10000000,100000,prlimit64,1,1.3e-05,0.0,1e-05,0.00013,13.0,1e-07,1.3e-06
kernels,10000000,100000,read,12,0.000399,0.03,0.00012,0.00399,33.25,1.2e-06,3.99e-05
kernels,10000000,100000,rseq,1,1e-05,0.0,1e-05,0.0001,10.0,1e-07,1e-06
kernels,10000000,100000,rt_sigaction,1,3.7e-05,0.0,1e-05,0.00037,37.0,1e-07,3.7e-06
kernels,10000000,100000,rt_sigprocmask,3,0.000121,0.01,3e-05,0.00121,40.333333333333336,3e-07,1.21e-05
kernels,10000000,100000,sched_yield,1,5.5e-05,0.0,1e-05,0.00055,55.0,1e-07,5.5e-06
kernels,10000000,100000,set_robust_list,1,1e-05,0.0,1e-05,0.0001,10.0,1e-07,1e-06
kernels,10000000,100000,set_tid_address,1,1.2e-05,0.0,1e-05,0.00012,12.0,1e-07,1.2e-06
kernels,10000000,100000,write,1,3e-05,0.0,1e-05,0.0003,30.0,1e-07,3e-06
