backend,variant,bytes,iterations,key,calls_mean,seconds_mean,pct_time_mean,calls_per_iter,usec_per_iter,usec_per_call,calls_per_byte,usec_per_byte
tb_cpu,alloc,1000000,100,file_io,25.0,0.0,0.0,0.25,0.0,0.0,2.5e-05,0.0
tb_cpu,alloc,1000000,100,memory,30.0,4.6e-05,76.67,0.3,0.46,1.5333333333333334,3e-05,4.6e-05
tb_cpu,alloc,1000000,100,other,20.0,9e-06,15.0,0.2,0.09,0.45,2e-05,9e-06
tb_cpu,alloc,1000000,100,sync,1.0,5e-06,8.33,0.01,0.05,5.0,1e-06,5e-06
tb_cpu,alloc,1000000,5000,file_io,25.0,0.000127,29.4,0.005,0.0254,5.08,2.5e-05,0.000127
tb_cpu,alloc,1000000,5000,memory,30.0,0.00024099999999999998,55.790000000000006,0.006,0.04819999999999999,8.033333333333333,3e-05,0.00024099999999999998
tb_cpu,alloc,1000000,5000,other,20.0,5.900000000000001e-05,13.689999999999998,0.004,0.011800000000000003,2.9500000000000006,2e-05,5.900000000000001e-05
tb_cpu,alloc,1000000,5000,sync,1.0,5e-06,1.16,0.0002,0.001,5.0,1e-06,5e-06
tb_cpu,alloc,1000000,10000,file_io,25.0,0.0,0.0,0.0025,0.0,0.0,2.5e-05,0.0
tb_cpu,alloc,1000000,10000,memory,30.0,0.0,0.0,0.003,0.0,0.0,3e-05,0.0
tb_cpu,alloc,1000000,10000,other,20.0,0.0,0.0,0.002,0.0,0.0,2e-05,0.0
tb_cpu,alloc,1000000,10000,sync,1.0,0.0,0.0,0.0001,0.0,0.0,1e-06,0.0
tb_cpu,alloc,1000000,50000,file_io,25.0,0.00015000000000000001,22.459999999999997,0.0005,0.003,6.0,2.5e-05,0.00015
tb_cpu,alloc,1000000,50000,memory,30.0,0.000177,26.5,0.0006,0.00354,5.9,3e-05,0.000177
tb_cpu,alloc,1000000,50000,other,20.0,0.00034099999999999994,51.050000000000004,0.0004,0.006819999999999999,17.049999999999997,2e-05,0.00034099999999999994
tb_cpu,alloc,1000000,50000,sync,1.0,0.0,0.0,2e-05,0.0,0.0,1e-06,0.0
tb_cpu,alloc,1000000,100000,file_io,25.0,7.7e-05,23.55,0.00025,0.00077,3.08,2.5e-05,7.7e-05
tb_cpu,alloc,1000000,100000,memory,30.0,0.000214,65.44,0.0003,0.00214,7.133333333333334,3e-05,0.000214
tb_cpu,alloc,1000000,100000,other,20.0,3.199999999999999e-05,9.79,0.0002,0.0003199999999999999,1.5999999999999996,2e-05,3.199999999999999e-05
tb_cpu,alloc,1000000,100000,sync,1.0,4e-06,1.22,1e-05,4e-05,4.0,1e-06,4e-06
tb_cpu,alloc,2500000,100,file_io,25.0,0.0,0.0,0.25,0.0,0.0,1e-05,0.0
tb_cpu,alloc,2500000,100,memory,30.0,0.0,0.0,0.3,0.0,0.0,1.2e-05,0.0
tb_cpu,alloc,2500000,100,other,20.0,0.0,0.0,0.2,0.0,0.0,8e-06,0.0
tb_cpu,alloc,2500000,100,sync,1.0,0.0,0.0,0.01,0.0,0.0,4e-07,0.0
tb_cpu,alloc,2500000,5000,file_io,25.0,0.0,0.0,0.005,0.0,0.0,1e-05,0.0
tb_cpu,alloc,2500000,5000,memory,30.0,5.9999999999999995e-05,82.19,0.006,0.011999999999999999,1.9999999999999998,1.2e-05,2.3999999999999997e-05
tb_cpu,alloc,2500000,5000,other,20.0,9e-06,12.33,0.004,0.0018,0.45,8e-06,3.6e-06
tb_cpu,alloc,2500000,5000,sync,1.0,4e-06,5.48,0.0002,0.0008,4.0,4e-07,1.6e-06
tb_cpu,alloc,2500000,10000,file_io,25.0,0.000156,22.250000000000004,0.0025,0.0156,6.24,1e-05,6.24e-05
tb_cpu,alloc,2500000,10000,memory,30.0,0.000202,28.82,0.003,0.0202,6.733333333333333,1.2e-05,8.08e-05
tb_cpu,alloc,2500000,10000,other,20.0,0.00034300000000000004,48.93,0.002,0.034300000000000004,17.150000000000002,8e-06,0.00013720000000000003
tb_cpu,alloc,2500000,10000,sync,1.0,0.0,0.0,0.0001,0.0,0.0,4e-07,0.0
tb_cpu,alloc,2500000,50000,file_io,25.0,3.7e-05,18.41,0.0005,0.00074,1.48,1e-05,1.48e-05
tb_cpu,alloc,2500000,50000,memory,30.0,0.00012900000000000002,64.17999999999999,0.0006,0.0025800000000000007,4.300000000000001,1.2e-05,5.1600000000000014e-05
tb_cpu,alloc,2500000,50000,other,20.0,3.0999999999999995e-05,15.420000000000002,0.0004,0.0006199999999999999,1.5499999999999996,8e-06,1.2399999999999996e-05
tb_cpu,alloc,2500000,50000,sync,1.0,4e-06,1.99,2e-05,8e-05,4.0,4e-07,1.6e-06
tb_cpu,alloc,2500000,100000,file_io,25.0,0.000125,27.72,0.00025,0.00125,5.0,1e-05,5e-05
tb_cpu,alloc,2500000,100000,memory,30.0,0.000249,55.21,0.0003,0.0024899999999999996,8.299999999999999,1.2e-05,9.96e-05
tb_cpu,alloc,2500000,100000,other,20.0,7.400000000000002e-05,16.43,0.0002,0.0007400000000000003,3.7000000000000015,8e-06,2.960000000000001e-05
tb_cpu,alloc,2500000,100000,sync,1.0,3e-06,0.67,1e-05,3e-05,3.0,4e-07,1.2e-06
tb_cpu,alloc,5000000,100,file_io,25.0,0.000164,22.08,0.25,1.64,6.56,5e-06,3.28e-05
tb_cpu,alloc,5000000,100,memory,30.0,0.000205,27.59,0.3,2.05,6.833333333333333,6e-06,4.1e-05
tb_cpu,alloc,5000000,100,other,20.0,0.00037400000000000004,50.31999999999999,0.2,3.7400000000000007,18.700000000000003,4e-06,7.480000000000002e-05
tb_cpu,alloc,5000000,100,sync,1.0,0.0,0.0,0.01,0.0,0.0,2e-07,0.0
tb_cpu,alloc,5000000,5000,file_io,25.0,0.00015,21.099999999999998,0.005,0.03,6.0,5e-06,3e-05
tb_cpu,alloc,5000000,5000,memory,30.0,0.00020800000000000001,29.259999999999998,0.006,0.041600000000000005,6.9333333333333345,6e-06,4.160000000000001e-05
tb_cpu,alloc,5000000,5000,other,20.0,0.000349,49.07000000000001,0.004,0.0698,17.45,4e-06,6.98e-05
tb_cpu,alloc,5000000,5000,sync,1.0,4e-06,0.56,0.0002,0.0008,4.0,2e-07,8e-07
tb_cpu,alloc,5000000,10000,file_io,25.0,8.300000000000001e-05,25.93,0.0025,0.008300000000000002,3.3200000000000007,5e-06,1.6600000000000004e-05
tb_cpu,alloc,5000000,10000,memory,30.0,0.00019999999999999998,62.5,0.003,0.019999999999999997,6.666666666666666,6e-06,3.9999999999999996e-05
tb_cpu,alloc,5000000,10000,other,20.0,3.2999999999999996e-05,10.319999999999999,0.002,0.003299999999999999,1.6499999999999997,4e-06,6.599999999999999e-06
tb_cpu,alloc,5000000,10000,sync,1.0,4e-06,1.25,0.0001,0.0004,4.0,2e-07,8e-07
tb_cpu,alloc,5000000,50000,file_io,25.0,0.000154,21.009999999999998,0.0005,0.00308,6.16,5e-06,3.08e-05
tb_cpu,alloc,5000000,50000,memory,30.0,0.000216,29.470000000000002,0.0006,0.00432,7.2,6e-06,4.32e-05
tb_cpu,alloc,5000000,50000,other,20.0,0.00035999999999999997,49.12999999999998,0.0004,0.007199999999999999,17.999999999999996,4e-06,7.199999999999999e-05
tb_cpu,alloc,5000000,50000,sync,1.0,3e-06,0.41,2e-05,6e-05,3.0,2e-07,6e-07
tb_cpu,alloc,5000000,100000,file_io,25.0,0.0,0.0,0.00025,0.0,0.0,5e-06,0.0
tb_cpu,alloc,5000000,100000,memory,30.0,1.1e-05,73.33,0.0003,0.00011,0.36666666666666664,6e-06,2.2e-06
tb_cpu,alloc,5000000,100000,other,20.0,4e-06,26.67,0.0002,4e-05,0.2,4e-06,8e-07
tb_cpu,alloc,5000000,100000,sync,1.0,0.0,0.0,1e-05,0.0,0.0,2e-07,0.0
tb_cpu,alloc,7500000,100,file_io,25.0,0.0,0.0,0.25,0.0,0.0,3.3333333333333333e-06,0.0
tb_cpu,alloc,7500000,100,memory,30.0,0.0,0.0,0.3,0.0,0.0,4e-06,0.0
tb_cpu,alloc,7500000,100,other,20.0,0.0,0.0,0.2,0.0,0.0,2.666666666666667e-06,0.0
tb_cpu,alloc,7500000,100,sync,1.0,0.0,0.0,0.01,0.0,0.0,1.3333333333333334e-07,0.0
tb_cpu,alloc,7500000,5000,file_io,25.0,0.000161,22.15,0.005,0.0322,6.44,3.3333333333333333e-06,2.1466666666666666e-05
tb_cpu,alloc,7500000,5000,memory,30.0,0.00021700000000000002,29.85,0.006,0.04340000000000001,7.233333333333334,4e-06,2.8933333333333336e-05
tb_cpu,alloc,7500000,5000,other,20.0,0.000349,48.00999999999999,0.004,0.0698,17.45,2.666666666666667e-06,4.653333333333333e-05
tb_cpu,alloc,7500000,5000,sync,1.0,0.0,0.0,0.0002,0.0,0.0,1.3333333333333334e-07,0.0
tb_cpu,alloc,7500000,10000,file_io,25.0,2.7e-05,18.75,0.0025,0.0027,1.08,3.3333333333333333e-06,3.6e-06
tb_cpu,alloc,7500000,10000,memory,30.0,8.999999999999999e-05,62.489999999999995,0.003,0.009,2.9999999999999996,4e-06,1.1999999999999999e-05
tb_cpu,alloc,7500000,10000,other,20.0,2.4e-05,16.66,0.002,0.0024,1.2,2.666666666666667e-06,3.2e-06
tb_cpu,alloc,7500000,10000,sync,1.0,3e-06,2.08,0.0001,0.0003,3.0,1.3333333333333334e-07,4e-07
tb_cpu,alloc,7500000,50000,file_io,25.0,5.2000000000000004e-05,20.0,0.0005,0.0010400000000000001,2.08,3.3333333333333333e-06,6.9333333333333344e-06
tb_cpu,alloc,7500000,50000,memory,30.0,0.000178,68.46000000000001,0.0006,0.00356,5.933333333333334,4e-06,2.3733333333333332e-05
tb_cpu,alloc,7500000,50000,other,20.0,2.7e-05,10.370000000000001,0.0004,0.00054,1.35,2.666666666666667e-06,3.6e-06
tb_cpu,alloc,7500000,50000,sync,1.0,3e-06,1.15,2e-05,6e-05,3.0,1.3333333333333334e-07,4e-07
tb_cpu,alloc,7500000,100000,file_io,25.0,0.00010800000000000001,27.630000000000003,0.00025,0.0010800000000000002,4.32,3.3333333333333333e-06,1.4400000000000003e-05
tb_cpu,alloc,7500000,100000,memory,30.0,0.00021799999999999999,55.75000000000001,0.0003,0.00218,7.266666666666667,4e-06,2.9066666666666667e-05
tb_cpu,alloc,7500000,100000,other,20.0,6.2e-05,15.859999999999998,0.0002,0.00062,3.1,2.666666666666667e-06,8.266666666666667e-06
tb_cpu,alloc,7500000,100000,sync,1.0,3e-06,0.77,1e-05,3e-05,3.0,1.3333333333333334e-07,4e-07
tb_cpu,alloc,10000000,100,file_io,25.0,0.00016400000000000003,33.13,0.25,1.6400000000000003,6.560000000000001,2.5e-06,1.6400000000000002e-05
tb_cpu,alloc,10000000,100,memory,30.0,0.000239,48.28,0.3,2.39,7.966666666666667,3e-06,2.39e-05
tb_cpu,alloc,10000000,100,other,20.0,9.2e-05,18.589999999999996,0.2,0.92,4.6,2e-06,9.2e-06
tb_cpu,alloc,10000000,100,sync,1.0,0.0,0.0,0.01,0.0,0.0,1e-07,0.0
tb_cpu,alloc,10000000,5000,file_io,25.0,0.0,0.0,0.005,0.0,0.0,2.5e-06,0.0
tb_cpu,alloc,10000000,5000,memory,30.0,0.0,0.0,0.006,0.0,0.0,3e-06,0.0
tb_cpu,alloc,10000000,5000,other,20.0,0.0,0.0,0.004,0.0,0.0,2e-06,0.0
tb_cpu,alloc,10000000,5000,sync,1.0,0.0,0.0,0.0002,0.0,0.0,1e-07,0.0
tb_cpu,alloc,10000000,10000,file_io,25.0,0.0,0.0,0.0025,0.0,0.0,2.5e-06,0.0
tb_cpu,alloc,10000000,10000,memory,30.0,0.0,0.0,0.003,0.0,0.0,3e-06,0.0
tb_cpu,alloc,10000000,10000,other,20.0,0.0,0.0,0.002,0.0,0.0,2e-06,0.0
tb_cpu,alloc,10000000,10000,sync,1.0,0.0,0.0,0.0001,0.0,0.0,1e-07,0.0
tb_cpu,alloc,10000000,50000,file_io,25.0,0.000146,31.54,0.0005,0.00292,5.84,2.5e-06,1.46e-05
tb_cpu,alloc,10000000,50000,memory,30.0,0.00021899999999999998,47.309999999999995,0.0006,0.004379999999999999,7.299999999999999,3e-06,2.1899999999999997e-05
tb_cpu,alloc,10000000,50000,other,20.0,9.400000000000002e-05,20.299999999999994,0.0004,0.0018800000000000006,4.700000000000001,2e-06,9.400000000000003e-06
tb_cpu,alloc,10000000,50000,sync,1.0,4e-06,0.86,2e-05,8e-05,4.0,1e-07,4e-07
tb_cpu,alloc,10000000,100000,file_io,25.0,0.0,0.0,0.00025,0.0,0.0,2.5e-06,0.0
tb_cpu,alloc,10000000,100000,memory,30.0,0.0,0.0,0.0003,0.0,0.0,3e-06,0.0
tb_cpu,alloc,10000000,100000,other,20.0,0.0,0.0,0.0002,0.0,0.0,2e-06,0.0
tb_cpu,alloc,10000000,100000,sync,1.0,0.0,0.0,1e-05,0.0,0.0,1e-07,0.0
tb_cpu,baseline,1000000,100,file_io,25.0,0.000147,33.260000000000005,0.25,1.47,5.88,2.5e-05,0.000147
tb_cpu,baseline,1000000,100,memory,30.0,0.000194,43.9,0.3,1.94,6.466666666666667,3e-05,0.000194
tb_cpu,baseline,1000000,100,other,20.0,9.700000000000003e-05,21.929999999999996,0.2,0.9700000000000003,4.850000000000001,2e-05,9.700000000000003e-05
tb_cpu,baseline,1000000,100,sync,1.0,4e-06,0.9,0.01,0.04,4.0,1e-06,4e-06
tb_cpu,baseline,1000000,5000,file_io,25.0,0.000183,22.32,0.005,0.0366,7.32,2.5e-05,0.000183
tb_cpu,baseline,1000000,5000,memory,30.0,0.000206,25.12,0.006,0.0412,6.866666666666666,3e-05,0.000206
tb_cpu,baseline,1000000,5000,other,20.0,0.00043100000000000007,52.58,0.004,0.08620000000000001,21.550000000000004,2e-05,0.00043100000000000007
tb_cpu,baseline,1000000,5000,sync,1.0,0.0,0.0,0.0002,0.0,0.0,1e-06,0.0
tb_cpu,baseline,1000000,10000,file_io,25.0,0.0,0.0,0.0025,0.0,0.0,2.5e-05,0.0
tb_cpu,baseline,1000000,10000,memory,30.0,1.3e-05,100.0,0.003,0.0013,0.43333333333333335,3e-05,1.3e-05
tb_cpu,baseline,1000000,10000,other,20.0,0.0,0.0,0.002,0.0,0.0,2e-05,0.0
tb_cpu,baseline,1000000,10000,sync,1.0,0.0,0.0,0.0001,0.0,0.0,1e-06,0.0
tb_cpu,baseline,1000000,50000,file_io,25.0,0.000117,31.54,0.0005,0.00234,4.68,2.5e-05,0.000117
tb_cpu,baseline,1000000,50000,memory,30.0,0.000202,54.45,0.0006,0.00404,6.733333333333333,3e-05,0.000202
tb_cpu,baseline,1000000,50000,other,20.0,4.9000000000000005e-05,13.22,0.0004,0.0009800000000000002,2.45,2e-05,4.9000000000000005e-05
tb_cpu,baseline,1000000,50000,sync,1.0,3e-06,0.81,2e-05,6e-05,3.0,1e-06,3e-06
tb_cpu,baseline,1000000,100000,file_io,25.0,0.0,0.0,0.00025,0.0,0.0,2.5e-05,0.0
tb_cpu,baseline,1000000,100000,memory,30.0,4.2000000000000004e-05,75.0,0.0003,0.00042000000000000007,1.4000000000000001,3e-05,4.2000000000000004e-05
tb_cpu,baseline,1000000,100000,other,20.0,9e-06,16.07,0.0002,9e-05,0.45,2e-05,9e-06
tb_cpu,baseline,1000000,100000,sync,1.0,5e-06,8.93,1e-05,5e-05,5.0,1e-06,5e-06
tb_cpu,baseline,2500000,100,file_io,25.0,0.000142,34.220000000000006,0.25,1.42,5.68,1e-05,5.68e-05
tb_cpu,baseline,2500000,100,memory,30.0,0.000196,47.230000000000004,0.3,1.96,6.533333333333333,1.2e-05,7.84e-05
tb_cpu,baseline,2500000,100,other,20.0,7.300000000000003e-05,17.57,0.2,0.7300000000000003,3.6500000000000012,8e-06,2.9200000000000012e-05
tb_cpu,baseline,2500000,100,sync,1.0,4e-06,0.96,0.01,0.04,4.0,4e-07,1.6e-06
tb_cpu,baseline,2500000,5000,file_io,25.0,0.0,0.0,0.005,0.0,0.0,1e-05,0.0
tb_cpu,baseline,2500000,5000,memory,30.0,4.8e-05,72.73,0.006,0.0096,1.6,1.2e-05,1.92e-05
tb_cpu,baseline,2500000,5000,other,20.0,1.5e-05,22.740000000000002,0.004,0.003,0.75,8e-06,6e-06
tb_cpu,baseline,2500000,5000,sync,1.0,3e-06,4.55,0.0002,0.0006,3.0,4e-07,1.2e-06
tb_cpu,baseline,2500000,10000,file_io,25.0,0.0,0.0,0.0025,0.0,0.0,1e-05,0.0
tb_cpu,baseline,2500000,10000,memory,30.0,0.0,0.0,0.003,0.0,0.0,1.2e-05,0.0
tb_cpu,baseline,2500000,10000,other,20.0,0.0,0.0,0.002,0.0,0.0,8e-06,0.0
tb_cpu,baseline,2500000,10000,sync,1.0,0.0,0.0,0.0001,0.0,0.0,4e-07,0.0
tb_cpu,baseline,2500000,50000,file_io,25.0,0.0,0.0,0.0005,0.0,0.0,1e-05,0.0
tb_cpu,baseline,2500000,50000,memory,30.0,0.0,0.0,0.0006,0.0,0.0,1.2e-05,0.0
tb_cpu,baseline,2500000,50000,other,20.0,0.0,0.0,0.0004,0.0,0.0,8e-06,0.0
tb_cpu,baseline,2500000,50000,sync,1.0,0.0,0.0,2e-05,0.0,0.0,4e-07,0.0
tb_cpu,baseline,2500000,100000,file_io,25.0,0.0,0.0,0.00025,0.0,0.0,1e-05,0.0
tb_cpu,baseline,2500000,100000,memory,30.0,0.0,0.0,0.0003,0.0,0.0,1.2e-05,0.0
tb_cpu,baseline,2500000,100000,other,20.0,0.0,0.0,0.0002,0.0,0.0,8e-06,0.0
tb_cpu,baseline,2500000,100000,sync,1.0,0.0,0.0,1e-05,0.0,0.0,4e-07,0.0
tb_cpu,baseline,5000000,100,file_io,25.0,0.0,0.0,0.25,0.0,0.0,5e-06,0.0
tb_cpu,baseline,5000000,100,memory,30.0,5.2e-05,68.42,0.3,0.52,1.7333333333333334,6e-06,1.04e-05
tb_cpu,baseline,5000000,100,other,20.0,1.9999999999999998e-05,26.319999999999997,0.2,0.2,1.0,4e-06,4e-06
tb_cpu,baseline,5000000,100,sync,1.0,4e-06,5.26,0.01,0.04,4.0,2e-07,8e-07
tb_cpu,baseline,5000000,5000,file_io,25.0,0.00016,22.919999999999998,0.005,0.032,6.4,5e-06,3.2e-05
tb_cpu,baseline,5000000,5000,memory,30.0,0.00020099999999999998,28.79,0.006,0.04019999999999999,6.699999999999999,6e-06,4.0199999999999995e-05
tb_cpu,baseline,5000000,5000,other,20.0,0.00033699999999999995,48.279999999999994,0.004,0.06739999999999999,16.849999999999998,4e-06,6.739999999999998e-05
tb_cpu,baseline,5000000,5000,sync,1.0,0.0,0.0,0.0002,0.0,0.0,2e-07,0.0
tb_cpu,baseline,5000000,10000,file_io,25.0,0.0,0.0,0.0025,0.0,0.0,5e-06,0.0
tb_cpu,baseline,5000000,10000,memory,30.0,0.0,0.0,0.003,0.0,0.0,6e-06,0.0
tb_cpu,baseline,5000000,10000,other,20.0,0.0,0.0,0.002,0.0,0.0,4e-06,0.0
tb_cpu,baseline,5000000,10000,sync,1.0,0.0,0.0,0.0001,0.0,0.0,2e-07,0.0
tb_cpu,baseline,5000000,50000,file_io,25.0,0.0,0.0,0.0005,0.0,0.0,5e-06,0.0
tb_cpu,baseline,5000000,50000,memory,30.0,0.0,0.0,0.0006,0.0,0.0,6e-06,0.0
tb_cpu,baseline,5000000,50000,other,20.0,0.0,0.0,0.0004,0.0,0.0,4e-06,0.0
tb_cpu,baseline,5000000,50000,sync,1.0,0.0,0.0,2e-05,0.0,0.0,2e-07,0.0
tb_cpu,baseline,5000000,100000,file_io,25.0,1.3e-05,3.3200000000000003,0.00025,0.00013,0.52,5e-06,2.6e-06
tb_cpu,baseline,5000000,100000,memory,30.0,7.500000000000001e-05,19.18,0.0003,0.00075,2.5,6e-06,1.5e-05
tb_cpu,baseline,5000000,100000,other,20.0,0.000301,76.97000000000004,0.0002,0.00301,15.05,4e-06,6.02e-05
tb_cpu,baseline,5000000,100000,sync,1.0,2e-06,0.51,1e-05,2e-05,2.0,2e-07,4e-07
tb_cpu,baseline,7500000,100,file_io,25.0,0.0,0.0,0.25,0.0,0.0,3.3333333333333333e-06,0.0
tb_cpu,baseline,7500000,100,memory,30.0,5.8e-05,85.30000000000001,0.3,0.58,1.9333333333333333,4e-06,7.733333333333333e-06
tb_cpu,baseline,7500000,100,other,20.0,7e-06,10.29,0.2,0.07,0.35,2.666666666666667e-06,9.333333333333333e-07
tb_cpu,baseline,7500000,100,sync,1.0,3e-06,4.41,0.01,0.03,3.0,1.3333333333333334e-07,4e-07
tb_cpu,baseline,7500000,5000,file_io,25.0,0.000136,33.42,0.005,0.0272,5.44,3.3333333333333333e-06,1.8133333333333335e-05
tb_cpu,baseline,7500000,5000,memory,30.0,0.000197,48.41,0.006,0.0394,6.566666666666666,4e-06,2.6266666666666667e-05
tb_cpu,baseline,7500000,5000,other,20.0,7.000000000000001e-05,17.22,0.004,0.014000000000000002,3.500000000000001,2.666666666666667e-06,9.333333333333336e-06
tb_cpu,baseline,7500000,5000,sync,1.0,4e-06,0.98,0.0002,0.0008,4.0,1.3333333333333334e-07,5.333333333333333e-07
tb_cpu,baseline,7500000,10000,file_io,25.0,0.0001,17.700000000000003,0.0025,0.01,4.0,3.3333333333333333e-06,1.3333333333333333e-05
tb_cpu,baseline,7500000,10000,memory,30.0,9.1e-05,16.099999999999998,0.003,0.0091,3.033333333333333,4e-06,1.2133333333333333e-05
tb_cpu,baseline,7500000,10000,other,20.0,0.00034199999999999996,60.53000000000001,0.002,0.034199999999999994,17.099999999999998,2.666666666666667e-06,4.559999999999999e-05
tb_cpu,baseline,7500000,10000,sync,1.0,3.2e-05,5.66,0.0001,0.0032,32.0,1.3333333333333334e-07,4.266666666666667e-06
tb_cpu,baseline,7500000,50000,file_io,25.0,0.000118,29.799999999999997,0.0005,0.00236,4.72,3.3333333333333333e-06,1.5733333333333334e-05
tb_cpu,baseline,7500000,50000,memory,30.0,0.00019899999999999999,50.25000000000001,0.0006,0.003979999999999999,6.633333333333332,4e-06,2.653333333333333e-05
tb_cpu,baseline,7500000,50000,other,20.0,7.500000000000002e-05,18.960000000000004,0.0004,0.0015000000000000002,3.750000000000001,2.666666666666667e-06,1.0000000000000003e-05
tb_cpu,baseline,7500000,50000,sync,1.0,4e-06,1.01,2e-05,8e-05,4.0,1.3333333333333334e-07,5.333333333333333e-07
tb_cpu,baseline,7500000,100000,file_io,25.0,0.00014600000000000003,20.06,0.00025,0.0014600000000000004,5.840000000000001,3.3333333333333333e-06,1.946666666666667e-05
tb_cpu,baseline,7500000,100000,memory,30.0,0.00021299999999999997,29.259999999999998,0.0003,0.0021299999999999995,7.099999999999999,4e-06,2.8399999999999996e-05
tb_cpu,baseline,7500000,100000,other,20.0,0.00036500000000000004,50.12999999999999,0.0002,0.0036500000000000005,18.250000000000004,2.666666666666667e-06,4.866666666666667e-05
tb_cpu,baseline,7500000,100000,sync,1.0,4e-06,0.55,1e-05,4e-05,4.0,1.3333333333333334e-07,5.333333333333333e-07
tb_cpu,baseline,10000000,100,file_io,25.0,0.000109,27.6,0.25,1.09,4.36,2.5e-06,1.09e-05
tb_cpu,baseline,10000000,100,memory,30.0,0.000218,55.190000000000005,0.3,2.18,7.266666666666667,3e-06,2.18e-05
tb_cpu,baseline,10000000,100,other,20.0,6.400000000000001e-05,16.2,0.2,0.6400000000000001,3.2000000000000006,2e-06,6.400000000000001e-06
tb_cpu,baseline,10000000,100,sync,1.0,4e-06,1.01,0.01,0.04,4.0,1e-07,4e-07
tb_cpu,baseline,10000000,5000,file_io,25.0,2.6e-05,16.990000000000002,0.005,0.0052,1.04,2.5e-06,2.6e-06
tb_cpu,baseline,10000000,5000,memory,30.0,0.0001,65.36,0.006,0.02,3.3333333333333335,3e-06,1e-05
tb_cpu,baseline,10000000,5000,other,20.0,2.2999999999999997e-05,15.020000000000003,0.004,0.004599999999999999,1.15,2e-06,2.2999999999999996e-06
tb_cpu,baseline,10000000,5000,sync,1.0,4e-06,2.61,0.0002,0.0008,4.0,1e-07,4e-07
tb_cpu,baseline,10000000,10000,file_io,25.0,0.000119,30.91,0.0025,0.0119,4.76,2.5e-06,1.19e-05
tb_cpu,baseline,10000000,10000,memory,30.0,0.00021700000000000002,56.37,0.003,0.021700000000000004,7.233333333333334,3e-06,2.1700000000000002e-05
tb_cpu,baseline,10000000,10000,other,20.0,4.4999999999999996e-05,11.699999999999998,0.002,0.0045,2.2499999999999996,2e-06,4.499999999999999e-06
tb_cpu,baseline,10000000,10000,sync,1.0,4e-06,1.04,0.0001,0.0004,4.0,1e-07,4e-07
tb_cpu,baseline,10000000,50000,file_io,25.0,0.0,0.0,0.0005,0.0,0.0,2.5e-06,0.0
tb_cpu,baseline,10000000,50000,memory,30.0,1.6e-05,100.0,0.0006,0.00032,0.5333333333333333,3e-06,1.6e-06
tb_cpu,baseline,10000000,50000,other,20.0,0.0,0.0,0.0004,0.0,0.0,2e-06,0.0
tb_cpu,baseline,10000000,50000,sync,1.0,0.0,0.0,2e-05,0.0,0.0,1e-07,0.0
tb_cpu,baseline,10000000,100000,file_io,25.0,0.000125,30.78,0.00025,0.00125,5.0,2.5e-06,1.25e-05
tb_cpu,baseline,10000000,100000,memory,30.0,0.000217,53.440000000000005,0.0003,0.00217,7.233333333333333,3e-06,2.17e-05
tb_cpu,baseline,10000000,100000,other,20.0,6e-05,14.8,0.0002,0.0006,3.0,2e-06,6e-06
tb_cpu,baseline,10000000,100000,sync,1.0,4e-06,0.99,1e-05,4e-05,4.0,1e-07,4e-07
tb_cpu,kernels,1000000,100,file_io,25.0,2.4999999999999998e-05,13.67,0.25,0.24999999999999997,0.9999999999999999,2.5e-05,2.4999999999999998e-05
tb_cpu,kernels,1000000,100,memory,30.0,0.000124,67.75,0.3,1.24,4.133333333333334,3e-05,0.000124
tb_cpu,kernels,1000000,100,other,20.0,3.0999999999999995e-05,16.95,0.2,0.30999999999999994,1.5499999999999996,2e-05,3.0999999999999995e-05
tb_cpu,kernels,1000000,100,sync,1.0,3e-06,1.64,0.01,0.03,3.0,1e-06,3e-06
tb_cpu,kernels,1000000,5000,file_io,25.0,9.2e-05,29.02,0.005,0.0184,3.68,2.5e-05,9.2e-05
tb_cpu,kernels,1000000,5000,memory,30.0,0.00019,59.940000000000005,0.006,0.038,6.333333333333333,3e-05,0.00019
tb_cpu,kernels,1000000,5000,other,20.0,3.3e-05,10.41,0.004,0.0066,1.65,2e-05,3.3e-05
tb_cpu,kernels,1000000,5000,sync,1.0,2e-06,0.63,0.0002,0.0004,2.0,1e-06,2e-06
tb_cpu,kernels,1000000,10000,file_io,25.0,0.00015600000000000002,28.68,0.0025,0.015600000000000003,6.240000000000001,2.5e-05,0.00015600000000000002
tb_cpu,kernels,1000000,10000,memory,30.0,0.000235,43.2,0.003,0.0235,7.833333333333333,3e-05,0.000235
tb_cpu,kernels,1000000,10000,other,20.0,0.00014899999999999994,27.409999999999993,0.002,0.014899999999999995,7.4499999999999975,2e-05,0.00014899999999999994
tb_cpu,kernels,1000000,10000,sync,1.0,4e-06,0.74,0.0001,0.0004,4.0,1e-06,4e-06
tb_cpu,kernels,1000000,50000,file_io,25.0,4e-06,3.08,0.0005,8e-05,0.16,2.5e-05,4e-06
tb_cpu,kernels,1000000,50000,memory,30.0,9.200000000000001e-05,70.77,0.0006,0.0018400000000000003,3.0666666666666673,3e-05,9.200000000000001e-05
tb_cpu,kernels,1000000,50000,other,20.0,2.9999999999999997e-05,23.089999999999996,0.0004,0.0006,1.4999999999999998,2e-05,2.9999999999999997e-05
tb_cpu,kernels,1000000,50000,sync,1.0,4e-06,3.08,2e-05,8e-05,4.0,1e-06,4e-06
tb_cpu,kernels,1000000,100000,file_io,25.0,0.0,0.0,0.00025,0.0,0.0,2.5e-05,0.0
tb_cpu,kernels,1000000,100000,memory,30.0,0.0,0.0,0.0003,0.0,0.0,3e-05,0.0
tb_cpu,kernels,1000000,100000,other,20.0,0.0,0.0,0.0002,0.0,0.0,2e-05,0.0
tb_cpu,kernels,1000000,100000,sync,1.0,0.0,0.0,1e-05,0.0,0.0,1e-06,0.0
tb_cpu,kernels,2500000,100,file_io,25.0,0.000133,20.65,0.25,1.33,5.32,1e-05,5.32e-05
tb_cpu,kernels,2500000,100,memory,30.0,0.00020999999999999998,32.61000000000001,0.3,2.0999999999999996,6.999999999999999,1.2e-05,8.4e-05
tb_cpu,kernels,2500000,100,other,20.0,0.0002970000000000001,46.139999999999986,0.2,2.970000000000001,14.850000000000005,8e-06,0.00011880000000000004
tb_cpu,kernels,2500000,100,sync,1.0,4e-06,0.62,0.01,0.04,4.0,4e-07,1.6e-06
tb_cpu,kernels,2500000,5000,file_io,25.0,0.000152,33.470000000000006,0.005,0.0304,6.08,1e-05,6.08e-05
tb_cpu,kernels,2500000,5000,memory,30.0,0.00021700000000000002,47.79,0.006,0.04340000000000001,7.233333333333334,1.2e-05,8.680000000000001e-05
tb_cpu,kernels,2500000,5000,other,20.0,8.200000000000001e-05,18.05,0.004,0.0164,4.1000000000000005,8e-06,3.2800000000000004e-05
tb_cpu,kernels,2500000,5000,sync,1.0,3e-06,0.66,0.0002,0.0006,3.0,4e-07,1.2e-06
tb_cpu,kernels,2500000,10000,file_io,25.0,6.8e-05,26.560000000000002,0.0025,0.0068,2.72,1e-05,2.72e-05
tb_cpu,kernels,2500000,10000,memory,30.0,0.000154,60.15,0.003,0.0154,5.133333333333334,1.2e-05,6.16e-05
tb_cpu,kernels,2500000,10000,other,20.0,2.9999999999999997e-05,11.71,0.002,0.0029999999999999996,1.4999999999999998,8e-06,1.1999999999999999e-05
tb_cpu,kernels,2500000,10000,sync,1.0,4e-06,1.56,0.0001,0.0004,4.0,4e-07,1.6e-06
tb_cpu,kernels,2500000,50000,file_io,25.0,0.0,0.0,0.0005,0.0,0.0,1e-05,0.0
tb_cpu,kernels,2500000,50000,memory,30.0,5.5e-05,62.5,0.0006,0.0011,1.8333333333333333,1.2e-05,2.2e-05
tb_cpu,kernels,2500000,50000,other,20.0,2.9999999999999997e-05,34.09,0.0004,0.0006,1.4999999999999998,8e-06,1.1999999999999999e-05
tb_cpu,kernels,2500000,50000,sync,1.0,3e-06,3.41,2e-05,6e-05,3.0,4e-07,1.2e-06
tb_cpu,kernels,2500000,100000,file_io,25.0,0.000148,20.529999999999998,0.00025,0.00148,5.92,1e-05,5.92e-05
tb_cpu,kernels,2500000,100000,memory,30.0,0.00021999999999999998,30.51,0.0003,0.0021999999999999997,7.333333333333332,1.2e-05,8.799999999999998e-05
tb_cpu,kernels,2500000,100000,other,20.0,0.00034899999999999997,48.389999999999986,0.0002,0.00349,17.45,8e-06,0.0001396
tb_cpu,kernels,2500000,100000,sync,1.0,4e-06,0.55,1e-05,4e-05,4.0,4e-07,1.6e-06
tb_cpu,kernels,5000000,100,file_io,25.0,3e-06,3.12,0.25,0.03,0.12,5e-06,6e-07
tb_cpu,kernels,5000000,100,memory,30.0,6.9e-05,71.86999999999999,0.3,0.69,2.3,6e-06,1.38e-05
tb_cpu,kernels,5000000,100,other,20.0,1.9999999999999998e-05,20.820000000000004,0.2,0.2,1.0,4e-06,4e-06
tb_cpu,kernels,5000000,100,sync,1.0,4e-06,4.17,0.01,0.04,4.0,2e-07,8e-07
tb_cpu,kernels,5000000,5000,file_io,25.0,4.9999999999999996e-05,24.27,0.005,0.009999999999999998,1.9999999999999998,5e-06,9.999999999999999e-06
tb_cpu,kernels,5000000,5000,memory,30.0,0.000124,60.190000000000005,0.006,0.0248,4.133333333333334,6e-06,2.48e-05
tb_cpu,kernels,5000000,5000,other,20.0,2.7999999999999996e-05,13.600000000000001,0.004,0.005599999999999999,1.4,4e-06,5.599999999999999e-06
tb_cpu,kernels,5000000,5000,sync,1.0,4e-06,1.94,0.0002,0.0008,4.0,2e-07,8e-07
tb_cpu,kernels,5000000,10000,file_io,25.0,7.400000000000001e-05,28.79,0.0025,0.007400000000000001,2.9600000000000004,5e-06,1.4800000000000002e-05
tb_cpu,kernels,5000000,10000,memory,30.0,0.000151,58.760000000000005,0.003,0.0151,5.033333333333333,6e-06,3.02e-05
tb_cpu,kernels,5000000,10000,other,20.0,2.9999999999999997e-05,11.69,0.002,0.0029999999999999996,1.4999999999999998,4e-06,5.999999999999999e-06
tb_cpu,kernels,5000000,10000,sync,1.0,2e-06,0.78,0.0001,0.0002,2.0,2e-07,4e-07
tb_cpu,kernels,5000000,50000,file_io,25.0,0.000167,29.879999999999995,0.0005,0.00334,6.68,5e-06,3.34e-05
tb_cpu,kernels,5000000,50000,memory,30.0,0.000255,45.61,0.0006,0.0051,8.500000000000002,6e-06,5.1000000000000006e-05
tb_cpu,kernels,5000000,50000,other,20.0,0.00013399999999999998,23.98999999999999,0.0004,0.0026799999999999992,6.699999999999998,4e-06,2.6799999999999994e-05
tb_cpu,kernels,5000000,50000,sync,1.0,3e-06,0.54,2e-05,6e-05,3.0,2e-07,6e-07
tb_cpu,kernels,5000000,100000,file_io,25.0,3.9e-05,20.22,0.00025,0.00039,1.56,5e-06,7.8e-06
tb_cpu,kernels,5000000,100000,memory,30.0,0.000124,64.25,0.0003,0.00124,4.133333333333334,6e-06,2.48e-05
tb_cpu,kernels,5000000,100000,other,20.0,2.6999999999999992e-05,13.970000000000002,0.0002,0.00026999999999999995,1.3499999999999996,4e-06,5.399999999999998e-06
tb_cpu,kernels,5000000,100000,sync,1.0,3e-06,1.55,1e-05,3e-05,3.0,2e-07,6e-07
tb_cpu,kernels,7500000,100,file_io,25.0,0.0,0.0,0.25,0.0,0.0,3.3333333333333333e-06,0.0
tb_cpu,kernels,7500000,100,memory,30.0,0.0,0.0,0.3,0.0,0.0,4e-06,0.0
tb_cpu,kernels,7500000,100,other,20.0,0.0,0.0,0.2,0.0,0.0,2.666666666666667e-06,0.0
tb_cpu,kernels,7500000,100,sync,1.0,0.0,0.0,0.01,0.0,0.0,1.3333333333333334e-07,0.0
tb_cpu,kernels,7500000,5000,file_io,25.0,0.00016300000000000003,20.65,0.005,0.032600000000000004,6.520000000000001,3.3333333333333333e-06,2.1733333333333338e-05
tb_cpu,kernels,7500000,5000,memory,30.0,0.000244,30.92,0.006,0.0488,8.133333333333333,4e-06,3.2533333333333336e-05
tb_cpu,kernels,7500000,5000,other,20.0,0.000379,48.04,0.004,0.0758,18.95,2.666666666666667e-06,5.053333333333333e-05
tb_cpu,kernels,7500000,5000,sync,1.0,3e-06,0.38,0.0002,0.0006,3.0,1.3333333333333334e-07,4e-07
tb_cpu,kernels,7500000,10000,file_io,25.0,0.0,0.0,0.0025,0.0,0.0,3.3333333333333333e-06,0.0
tb_cpu,kernels,7500000,10000,memory,30.0,0.0,0.0,0.003,0.0,0.0,4e-06,0.0
tb_cpu,kernels,7500000,10000,other,20.0,0.0,0.0,0.002,0.0,0.0,2.666666666666667e-06,0.0
tb_cpu,kernels,7500000,10000,sync,1.0,0.0,0.0,0.0001,0.0,0.0,1.3333333333333334e-07,0.0
tb_cpu,kernels,7500000,50000,file_io,25.0,0.000161,21.46,0.0005,0.00322,6.44,3.3333333333333333e-06,2.1466666666666666e-05
tb_cpu,kernels,7500000,50000,memory,30.0,0.000233,31.060000000000002,0.0006,0.00466,7.766666666666667,4e-06,3.1066666666666665e-05
tb_cpu,kernels,7500000,50000,other,20.0,0.000352,46.919999999999995,0.0004,0.00704,17.6,2.666666666666667e-06,4.6933333333333333e-05
tb_cpu,kernels,7500000,50000,sync,1.0,4e-06,0.53,2e-05,8e-05,4.0,1.3333333333333334e-07,5.333333333333333e-07
tb_cpu,kernels,7500000,100000,file_io,25.0,0.0,0.0,0.00025,0.0,0.0,3.3333333333333333e-06,0.0
tb_cpu,kernels,7500000,100000,memory,30.0,0.0,0.0,0.0003,0.0,0.0,4e-06,0.0
tb_cpu,kernels,7500000,100000,other,20.0,0.0,0.0,0.0002,0.0,0.0,2.666666666666667e-06,0.0
tb_cpu,kernels,7500000,100000,sync,1.0,0.0,0.0,1e-05,0.0,0.0,1.3333333333333334e-07,0.0
tb_cpu,kernels,10000000,100,file_io,25.0,7.7e-05,24.919999999999998,0.25,0.77,3.08,2.5e-06,7.7e-06
tb_cpu,kernels,10000000,100,memory,30.0,0.000197,63.75,0.3,1.97,6.566666666666666,3e-06,1.97e-05
tb_cpu,kernels,10000000,100,other,20.0,3.0999999999999995e-05,10.020000000000001,0.2,0.30999999999999994,1.5499999999999996,2e-06,3.099999999999999e-06
tb_cpu,kernels,10000000,100,sync,1.0,4e-06,1.29,0.01,0.04,4.0,1e-07,4e-07
tb_cpu,kernels,10000000,5000,file_io,25.0,0.0,0.0,0.005,0.0,0.0,2.5e-06,0.0
tb_cpu,kernels,10000000,5000,memory,30.0,0.0,0.0,0.006,0.0,0.0,3e-06,0.0
tb_cpu,kernels,10000000,5000,other,20.0,0.0,0.0,0.004,0.0,0.0,2e-06,0.0
tb_cpu,kernels,10000000,5000,sync,1.0,0.0,0.0,0.0002,0.0,0.0,1e-07,0.0
tb_cpu,kernels,10000000,10000,file_io,25.0,0.00013600000000000003,20.48,0.0025,0.013600000000000003,5.440000000000001,2.5e-06,1.3600000000000004e-05
tb_cpu,kernels,10000000,10000,memory,30.0,0.00020899999999999998,31.47,0.003,0.0209,6.966666666666666,3e-06,2.0899999999999996e-05
tb_cpu,kernels,10000000,10000,other,20.0,0.000315,47.430000000000014,0.002,0.0315,15.75,2e-06,3.15e-05
tb_cpu,kernels,10000000,10000,sync,1.0,4e-06,0.6,0.0001,0.0004,4.0,1e-07,4e-07
tb_cpu,kernels,10000000,50000,file_io,25.0,0.00012099999999999999,29.22,0.0005,0.00242,4.84,2.5e-06,1.21e-05
tb_cpu,kernels,10000000,50000,memory,30.0,0.00022099999999999998,53.38,0.0006,0.0044199999999999995,7.366666666666665,3e-06,2.21e-05
tb_cpu,kernels,10000000,50000,other,20.0,6.7e-05,16.200000000000003,0.0004,0.00134,3.35,2e-06,6.7e-06
tb_cpu,kernels,10000000,50000,sync,1.0,5e-06,1.21,2e-05,0.0001,5.0,1e-07,5e-07
tb_cpu,kernels,10000000,100000,file_io,25.0,0.0,0.0,0.00025,0.0,0.0,2.5e-06,0.0
tb_cpu,kernels,10000000,100000,memory,30.0,4.9999999999999996e-05,81.96,0.0003,0.0004999999999999999,1.6666666666666665,3e-06,4.9999999999999996e-06
tb_cpu,kernels,10000000,100000,other,20.0,7e-06,11.48,0.0002,7e-05,0.35,2e-06,7e-07
tb_cpu,kernels,10000000,100000,sync,1.0,4e-06,6.56,1e-05,4e-05,4.0,1e-07,4e-07
tb_cuda,alloc,1000000,100,file_io,40.0,0.00010999999999999999,24.72,0.4,1.0999999999999999,2.7499999999999996,4e-05,0.00010999999999999999
tb_cuda,alloc,1000000,100,memory,55.0,0.00028000000000000003,62.92,0.55,2.8000000000000007,5.090909090909092,5.5e-05,0.0002800000000000001
tb_cuda,alloc,1000000,100,other,23.0,4.500000000000001e-05,10.100000000000001,0.23,0.45000000000000007,1.956521739130435,2.3e-05,4.500000000000001e-05
tb_cuda,alloc,1000000,100,sync,2.0,1e-05,2.25,0.02,0.1,5.0,2e-06,1e-05
tb_cuda,alloc,1000000,5000,file_io,40.0,0.00016900000000000002,29.499999999999996,0.008,0.033800000000000004,4.2250000000000005,4e-05,0.00016900000000000002
tb_cuda,alloc,1000000,5000,memory,55.0,0.000342,59.68,0.011,0.0684,6.218181818181818,5.5e-05,0.000342
tb_cuda,alloc,1000000,5000,other,23.0,5.6000000000000006e-05,9.769999999999998,0.0046,0.011200000000000002,2.4347826086956523,2.3e-05,5.6000000000000006e-05
tb_cuda,alloc,1000000,5000,sync,2.0,6e-06,1.05,0.0004,0.0012,3.0,2e-06,6e-06
tb_cuda,alloc,1000000,10000,file_io,40.0,0.00029,31.129999999999995,0.004,0.029,7.25,4e-05,0.00029
tb_cuda,alloc,1000000,10000,memory,55.0,0.00046699999999999997,50.11,0.0055,0.04669999999999999,8.49090909090909,5.5e-05,0.00046699999999999997
tb_cuda,alloc,1000000,10000,other,23.0,0.00016499999999999997,17.709999999999997,0.0023,0.016499999999999997,7.17391304347826,2.3e-05,0.00016499999999999997
tb_cuda,alloc,1000000,10000,sync,2.0,1e-05,1.07,0.0002,0.001,5.0,2e-06,1e-05
tb_cuda,alloc,1000000,50000,file_io,40.0,0.0,0.0,0.0008,0.0,0.0,4e-05,0.0
tb_cuda,alloc,1000000,50000,memory,55.0,4.8e-05,73.85,0.0011,0.00096,0.8727272727272727,5.5e-05,4.8e-05
tb_cuda,alloc,1000000,50000,other,23.0,8e-06,12.3,0.00046,0.00016,0.34782608695652173,2.3e-05,8e-06
tb_cuda,alloc,1000000,50000,sync,2.0,9e-06,13.85,4e-05,0.00018,4.5,2e-06,9e-06
tb_cuda,alloc,1000000,100000,file_io,40.0,2.8e-05,14.899999999999999,0.0004,0.00028,0.7,4e-05,2.8e-05
tb_cuda,alloc,1000000,100000,memory,55.0,0.000122,64.89,0.00055,0.00122,2.2181818181818183,5.5e-05,0.000122
tb_cuda,alloc,1000000,100000,other,23.0,3.0999999999999995e-05,16.509999999999998,0.00023,0.00030999999999999995,1.3478260869565215,2.3e-05,3.0999999999999995e-05
tb_cuda,alloc,1000000,100000,sync,2.0,7e-06,3.72,2e-05,7e-05,3.5,2e-06,7e-06
tb_cuda,alloc,2500000,100,file_io,40.0,0.0,0.0,0.4,0.0,0.0,1.6e-05,0.0
tb_cuda,alloc,2500000,100,memory,55.0,1.4e-05,77.78,0.55,0.14,0.2545454545454545,2.2e-05,5.6e-06
tb_cuda,alloc,2500000,100,other,23.0,0.0,0.0,0.23,0.0,0.0,9.2e-06,0.0
tb_cuda,alloc,2500000,100,sync,2.0,4e-06,22.22,0.02,0.04,2.0,8e-07,1.6e-06
tb_cuda,alloc,2500000,5000,file_io,40.0,0.0,0.0,0.008,0.0,0.0,1.6e-05,0.0
tb_cuda,alloc,2500000,5000,memory,55.0,8.6e-05,75.43,0.011,0.0172,1.5636363636363637,2.2e-05,3.44e-05
tb_cuda,alloc,2500000,5000,other,23.0,2.1000000000000002e-05,18.419999999999998,0.0046,0.004200000000000001,0.9130434782608697,9.2e-06,8.400000000000001e-06
tb_cuda,alloc,2500000,5000,sync,2.0,7e-06,6.14,0.0004,0.0014,3.5,8e-07,2.8e-06
tb_cuda,alloc,2500000,10000,file_io,40.0,0.00013900000000000002,26.73,0.004,0.013900000000000003,3.4750000000000005,1.6e-05,5.560000000000001e-05
tb_cuda,alloc,2500000,10000,memory,55.0,0.000327,62.88,0.0055,0.0327,5.945454545454545,2.2e-05,0.0001308
tb_cuda,alloc,2500000,10000,other,23.0,4.7000000000000004e-05,9.049999999999999,0.0023,0.004700000000000001,2.0434782608695654,9.2e-06,1.8800000000000003e-05
tb_cuda,alloc,2500000,10000,sync,2.0,7e-06,1.35,0.0002,0.0007,3.5,8e-07,2.8e-06
tb_cuda,alloc,2500000,50000,file_io,40.0,5.3e-05,22.45,0.0008,0.00106,1.325,1.6e-05,2.12e-05
tb_cuda,alloc,2500000,50000,memory,55.0,0.000157,66.52,0.0011,0.00314,2.8545454545454545,2.2e-05,6.28e-05
tb_cuda,alloc,2500000,50000,other,23.0,2.4000000000000004e-05,10.159999999999998,0.00046,0.00048000000000000007,1.0434782608695654,9.2e-06,9.600000000000001e-06
tb_cuda,alloc,2500000,50000,sync,2.0,2e-06,0.85,4e-05,4e-05,1.0,8e-07,8e-07
tb_cuda,alloc,2500000,100000,file_io,40.0,0.0,0.0,0.0004,0.0,0.0,1.6e-05,0.0
tb_cuda,alloc,2500000,100000,memory,55.0,0.0,0.0,0.00055,0.0,0.0,2.2e-05,0.0
tb_cuda,alloc,2500000,100000,other,23.0,0.0,0.0,0.00023,0.0,0.0,9.2e-06,0.0
tb_cuda,alloc,2500000,100000,sync,2.0,0.0,0.0,2e-05,0.0,0.0,8e-07,0.0
tb_cuda,alloc,5000000,100,file_io,40.0,0.0,0.0,0.4,0.0,0.0,8e-06,0.0
tb_cuda,alloc,5000000,100,memory,55.0,0.0,0.0,0.55,0.0,0.0,1.1e-05,0.0
tb_cuda,alloc,5000000,100,other,23.0,0.0,0.0,0.23,0.0,0.0,4.6e-06,0.0
tb_cuda,alloc,5000000,100,sync,2.0,0.0,0.0,0.02,0.0,0.0,4e-07,0.0
tb_cuda,alloc,5000000,5000,file_io,40.0,0.000254,34.800000000000004,0.008,0.0508,6.35,8e-06,5.08e-05
tb_cuda,alloc,5000000,5000,memory,55.0,0.00038300000000000004,52.459999999999994,0.011,0.07660000000000002,6.963636363636365,1.1e-05,7.66e-05
tb_cuda,alloc,5000000,5000,other,23.0,8.700000000000003e-05,11.920000000000002,0.0046,0.017400000000000006,3.782608695652175,4.6e-06,1.7400000000000006e-05
tb_cuda,alloc,5000000,5000,sync,2.0,6e-06,0.82,0.0004,0.0012,3.0,4e-07,1.2e-06
tb_cuda,alloc,5000000,10000,file_io,40.0,0.00024599999999999996,33.24,0.004,0.024599999999999997,6.1499999999999995,8e-06,4.9199999999999997e-05
tb_cuda,alloc,5000000,10000,memory,55.0,0.00038599999999999995,52.169999999999995,0.0055,0.038599999999999995,7.018181818181817,1.1e-05,7.719999999999999e-05
tb_cuda,alloc,5000000,10000,other,23.0,0.00010000000000000003,13.530000000000001,0.0023,0.010000000000000004,4.347826086956523,4.6e-06,2.0000000000000005e-05
tb_cuda,alloc,5000000,10000,sync,2.0,8e-06,1.08,0.0002,0.0008,4.0,4e-07,1.6e-06
tb_cuda,alloc,5000000,50000,file_io,40.0,0.00028100000000000005,26.53,0.0008,0.005620000000000001,7.025000000000001,8e-06,5.620000000000001e-05
tb_cuda,alloc,5000000,50000,memory,55.0,0.00044699999999999997,42.21999999999999,0.0011,0.008939999999999998,8.127272727272727,1.1e-05,8.939999999999999e-05
tb_cuda,alloc,5000000,50000,other,23.0,0.00032500000000000004,30.69,0.00046,0.0065000000000000014,14.130434782608699,4.6e-06,6.500000000000001e-05
tb_cuda,alloc,5000000,50000,sync,2.0,6e-06,0.57,4e-05,0.00012,3.0,4e-07,1.2e-06
tb_cuda,alloc,5000000,100000,file_io,40.0,0.000173,28.47,0.0004,0.00173,4.325,8e-06,3.46e-05
tb_cuda,alloc,5000000,100000,memory,55.0,0.000362,59.53,0.00055,0.00362,6.581818181818182,1.1e-05,7.24e-05
tb_cuda,alloc,5000000,100000,other,23.0,6.500000000000001e-05,10.69,0.00023,0.0006500000000000002,2.8260869565217397,4.6e-06,1.3000000000000003e-05
tb_cuda,alloc,5000000,100000,sync,2.0,8e-06,1.32,2e-05,8e-05,4.0,4e-07,1.6e-06
tb_cuda,alloc,7500000,100,file_io,40.0,0.000175,28.509999999999998,0.4,1.75,4.375,5.333333333333334e-06,2.3333333333333332e-05
tb_cuda,alloc,7500000,100,memory,55.0,0.00036700000000000003,59.77,0.55,3.6700000000000004,6.672727272727274,7.333333333333333e-06,4.893333333333334e-05
tb_cuda,alloc,7500000,100,other,23.0,6.300000000000001e-05,10.250000000000002,0.23,0.6300000000000001,2.7391304347826093,3.066666666666667e-06,8.400000000000003e-06
tb_cuda,alloc,7500000,100,sync,2.0,9e-06,1.47,0.02,0.09,4.5,2.6666666666666667e-07,1.2e-06
tb_cuda,alloc,7500000,5000,file_io,40.0,0.000203,30.03,0.008,0.0406,5.075,5.333333333333334e-06,2.7066666666666666e-05
tb_cuda,alloc,7500000,5000,memory,55.0,0.000386,57.1,0.011,0.0772,7.0181818181818185,7.333333333333333e-06,5.1466666666666666e-05
tb_cuda,alloc,7500000,5000,other,23.0,8.100000000000002e-05,11.959999999999999,0.0046,0.016200000000000003,3.521739130434783,3.066666666666667e-06,1.0800000000000002e-05
tb_cuda,alloc,7500000,5000,sync,2.0,6e-06,0.89,0.0004,0.0012,3.0,2.6666666666666667e-07,8e-07
tb_cuda,alloc,7500000,10000,file_io,40.0,0.0,0.0,0.004,0.0,0.0,5.333333333333334e-06,0.0
tb_cuda,alloc,7500000,10000,memory,55.0,0.0,0.0,0.0055,0.0,0.0,7.333333333333333e-06,0.0
tb_cuda,alloc,7500000,10000,other,23.0,0.0,0.0,0.0023,0.0,0.0,3.066666666666667e-06,0.0
tb_cuda,alloc,7500000,10000,sync,2.0,4e-06,100.0,0.0002,0.0004,2.0,2.6666666666666667e-07,5.333333333333333e-07
tb_cuda,alloc,7500000,50000,file_io,40.0,0.000101,26.16,0.0008,0.00202,2.525,5.333333333333334e-06,1.3466666666666666e-05
tb_cuda,alloc,7500000,50000,memory,55.0,0.00024400000000000002,63.22,0.0011,0.004880000000000001,4.4363636363636365,7.333333333333333e-06,3.2533333333333336e-05
tb_cuda,alloc,7500000,50000,other,23.0,3.7999999999999995e-05,9.86,0.00046,0.0007599999999999998,1.652173913043478,3.066666666666667e-06,5.066666666666666e-06
tb_cuda,alloc,7500000,50000,sync,2.0,3e-06,0.78,4e-05,6e-05,1.5,2.6666666666666667e-07,4e-07
tb_cuda,alloc,7500000,100000,file_io,40.0,0.0,0.0,0.0004,0.0,0.0,5.333333333333334e-06,0.0
tb_cuda,alloc,7500000,100000,memory,55.0,0.0,0.0,0.00055,0.0,0.0,7.333333333333333e-06,0.0
tb_cuda,alloc,7500000,100000,other,23.0,0.0,0.0,0.00023,0.0,0.0,3.066666666666667e-06,0.0
tb_cuda,alloc,7500000,100000,sync,2.0,0.0,0.0,2e-05,0.0,0.0,2.6666666666666667e-07,0.0
tb_cuda,alloc,10000000,100,file_io,40.0,0.00023700000000000001,33.57,0.4,2.37,5.925000000000001,4e-06,2.3700000000000003e-05
tb_cuda,alloc,10000000,100,memory,55.0,0.00037700000000000006,53.39,0.55,3.7700000000000005,6.854545454545455,5.5e-06,3.770000000000001e-05
tb_cuda,alloc,10000000,100,other,23.0,8.400000000000002e-05,11.9,0.23,0.8400000000000003,3.6521739130434794,2.3e-06,8.400000000000003e-06
tb_cuda,alloc,10000000,100,sync,2.0,8e-06,1.13,0.02,0.08,4.0,2e-07,8e-07
tb_cuda,alloc,10000000,5000,file_io,40.0,7.900000000000001e-05,24.45,0.008,0.0158,1.9750000000000003,4e-06,7.9e-06
tb_cuda,alloc,10000000,5000,memory,55.0,0.000203,62.85,0.011,0.0406,3.690909090909091,5.5e-06,2.03e-05
tb_cuda,alloc,10000000,5000,other,23.0,3.399999999999999e-05,10.54,0.0046,0.006799999999999999,1.478260869565217,2.3e-06,3.399999999999999e-06
tb_cuda,alloc,10000000,5000,sync,2.0,7e-06,2.17,0.0004,0.0014,3.5,2e-07,7e-07
tb_cuda,alloc,10000000,10000,file_io,40.0,0.000191,32.32,0.004,0.0191,4.775,4e-06,1.91e-05
tb_cuda,alloc,10000000,10000,memory,55.0,0.000321,54.32,0.0055,0.0321,5.836363636363636,5.5e-06,3.21e-05
tb_cuda,alloc,10000000,10000,other,23.0,7.200000000000002e-05,12.2,0.0023,0.0072000000000000015,3.1304347826086962,2.3e-06,7.200000000000001e-06
tb_cuda,alloc,10000000,10000,sync,2.0,7e-06,1.18,0.0002,0.0007,3.5,2e-07,7e-07
tb_cuda,alloc,10000000,50000,file_io,40.0,0.000235,23.830000000000002,0.0008,0.0047,5.875,4e-06,2.35e-05
tb_cuda,alloc,10000000,50000,memory,55.0,0.00037900000000000005,38.42999999999999,0.0011,0.007580000000000001,6.8909090909090915,5.5e-06,3.7900000000000006e-05
tb_cuda,alloc,10000000,50000,other,23.0,0.00036400000000000007,36.89999999999998,0.00046,0.007280000000000001,15.826086956521742,2.3e-06,3.6400000000000004e-05
tb_cuda,alloc,10000000,50000,sync,2.0,8e-06,0.81,4e-05,0.00016,4.0,2e-07,8e-07
tb_cuda,alloc,10000000,100000,file_io,40.0,6.9e-05,21.43,0.0004,0.00069,1.725,4e-06,6.9e-06
tb_cuda,alloc,10000000,100000,memory,55.0,0.000211,65.53999999999999,0.00055,0.00211,3.8363636363636364,5.5e-06,2.11e-05
tb_cuda,alloc,10000000,100000,other,23.0,3.399999999999999e-05,10.549999999999999,0.00023,0.0003399999999999999,1.478260869565217,2.3e-06,3.399999999999999e-06
tb_cuda,alloc,10000000,100000,sync,2.0,8e-06,2.48,2e-05,8e-05,4.0,2e-07,8e-07
tb_cuda,baseline,1000000,100,file_io,40.0,0.00025,27.499999999999996,0.4,2.5,6.25,4e-05,0.00025
tb_cuda,baseline,1000000,100,memory,55.0,0.000342,37.62,0.55,3.42,6.218181818181818,5.5e-05,0.000342
tb_cuda,baseline,1000000,100,other,23.0,0.000317,34.86999999999999,0.23,3.17,13.782608695652174,2.3e-05,0.000317
tb_cuda,baseline,1000000,100,sync,2.0,0.0,0.0,0.02,0.0,0.0,2e-06,0.0
tb_cuda,baseline,1000000,5000,file_io,40.0,0.000166,28.86,0.008,0.0332,4.15,4e-05,0.000166
tb_cuda,baseline,1000000,5000,memory,55.0,0.00033999999999999997,59.14,0.011,0.06799999999999999,6.181818181818181,5.5e-05,0.00033999999999999997
tb_cuda,baseline,1000000,5000,other,23.0,6.2e-05,10.799999999999997,0.0046,0.0124,2.6956521739130435,2.3e-05,6.2e-05
tb_cuda,baseline,1000000,5000,sync,2.0,7e-06,1.22,0.0004,0.0014,3.5,2e-06,7e-06
tb_cuda,baseline,1000000,10000,file_io,40.0,0.000251,24.490000000000002,0.004,0.025099999999999997,6.2749999999999995,4e-05,0.000251
tb_cuda,baseline,1000000,10000,memory,55.0,0.00038300000000000004,37.37,0.0055,0.03830000000000001,6.963636363636365,5.5e-05,0.00038300000000000004
tb_cuda,baseline,1000000,10000,other,23.0,0.00038300000000000004,37.35,0.0023,0.03830000000000001,16.65217391304348,2.3e-05,0.00038300000000000004
tb_cuda,baseline,1000000,10000,sync,2.0,8e-06,0.78,0.0002,0.0008,4.0,2e-06,8e-06
tb_cuda,baseline,1000000,50000,file_io,40.0,4e-06,3.2,0.0008,8e-05,0.1,4e-05,4e-06
tb_cuda,baseline,1000000,50000,memory,55.0,9.200000000000001e-05,73.60000000000001,0.0011,0.0018400000000000003,1.672727272727273,5.5e-05,9.200000000000001e-05
tb_cuda,baseline,1000000,50000,other,23.0,2.1000000000000002e-05,16.8,0.00046,0.00042000000000000007,0.9130434782608697,2.3e-05,2.1000000000000002e-05
tb_cuda,baseline,1000000,50000,sync,2.0,8e-06,6.4,4e-05,0.00016,4.0,2e-06,8e-06
tb_cuda,baseline,1000000,100000,file_io,40.0,0.0,0.0,0.0004,0.0,0.0,4e-05,0.0
tb_cuda,baseline,1000000,100000,memory,55.0,0.0,0.0,0.00055,0.0,0.0,5.5e-05,0.0
tb_cuda,baseline,1000000,100000,other,23.0,0.0,0.0,0.00023,0.0,0.0,2.3e-05,0.0
tb_cuda,baseline,1000000,100000,sync,2.0,3e-06,100.0,2e-05,3e-05,1.5,2e-06,3e-06
tb_cuda,baseline,2500000,100,file_io,40.0,0.0,0.0,0.4,0.0,0.0,1.6e-05,0.0
tb_cuda,baseline,2500000,100,memory,55.0,0.0,0.0,0.55,0.0,0.0,2.2e-05,0.0
tb_cuda,baseline,2500000,100,other,23.0,0.0,0.0,0.23,0.0,0.0,9.2e-06,0.0
tb_cuda,baseline,2500000,100,sync,2.0,0.0,0.0,0.02,0.0,0.0,8e-07,0.0
tb_cuda,baseline,2500000,5000,file_io,40.0,0.000154,29.5,0.008,0.0308,3.85,1.6e-05,6.16e-05
tb_cuda,baseline,2500000,5000,memory,55.0,0.00031499999999999996,60.35,0.011,0.06299999999999999,5.727272727272727,2.2e-05,0.00012599999999999997
tb_cuda,baseline,2500000,5000,other,23.0,4.4999999999999996e-05,8.62,0.0046,0.009,1.9565217391304344,9.2e-06,1.7999999999999997e-05
tb_cuda,baseline,2500000,5000,sync,2.0,8e-06,1.53,0.0004,0.0016,4.0,8e-07,3.2e-06
tb_cuda,baseline,2500000,10000,file_io,40.0,0.000235,35.550000000000004,0.004,0.0235,5.875,1.6e-05,9.4e-05
tb_cuda,baseline,2500000,10000,memory,55.0,0.00033800000000000003,51.129999999999995,0.0055,0.033800000000000004,6.145454545454546,2.2e-05,0.00013520000000000003
tb_cuda,baseline,2500000,10000,other,23.0,8.800000000000002e-05,13.309999999999997,0.0023,0.008800000000000002,3.8260869565217406,9.2e-06,3.520000000000001e-05
tb_cuda,baseline,2500000,10000,sync,2.0,0.0,0.0,0.0002,0.0,0.0,8e-07,0.0
tb_cuda,baseline,2500000,50000,file_io,40.0,0.00026099999999999995,24.92,0.0008,0.005219999999999999,6.524999999999999,1.6e-05,0.00010439999999999998
tb_cuda,baseline,2500000,50000,memory,55.0,0.00040800000000000005,38.98,0.0011,0.00816,7.418181818181819,2.2e-05,0.0001632
tb_cuda,baseline,2500000,50000,other,23.0,0.00037000000000000005,35.35,0.00046,0.007400000000000001,16.086956521739133,9.2e-06,0.00014800000000000002
tb_cuda,baseline,2500000,50000,sync,2.0,8e-06,0.76,4e-05,0.00016,4.0,8e-07,3.2e-06
tb_cuda,baseline,2500000,100000,file_io,40.0,0.000248,37.24,0.0004,0.00248,6.2,1.6e-05,9.92e-05
tb_cuda,baseline,2500000,100000,memory,55.0,0.000347,52.10000000000001,0.00055,0.00347,6.3090909090909095,2.2e-05,0.0001388
tb_cuda,baseline,2500000,100000,other,23.0,7.100000000000002e-05,10.649999999999999,0.00023,0.0007100000000000001,3.0869565217391313,9.2e-06,2.8400000000000006e-05
tb_cuda,baseline,2500000,100000,sync,2.0,0.0,0.0,2e-05,0.0,0.0,8e-07,0.0
tb_cuda,baseline,5000000,100,file_io,40.0,0.00021899999999999998,32.589999999999996,0.4,2.1899999999999995,5.475,8e-06,4.3799999999999994e-05
tb_cuda,baseline,5000000,100,memory,55.0,0.00037200000000000004,55.36,0.55,3.7200000000000006,6.763636363636365,1.1e-05,7.44e-05
tb_cuda,baseline,5000000,100,other,23.0,7.300000000000001e-05,10.879999999999997,0.23,0.7300000000000001,3.1739130434782616,4.6e-06,1.4600000000000003e-05
tb_cuda,baseline,5000000,100,sync,2.0,8e-06,1.19,0.02,0.08,4.0,4e-07,1.6e-06
tb_cuda,baseline,5000000,5000,file_io,40.0,0.000243,24.21,0.008,0.0486,6.075,8e-06,4.86e-05
tb_cuda,baseline,5000000,5000,memory,55.0,0.000391,38.940000000000005,0.011,0.0782,7.109090909090909,1.1e-05,7.82e-05
tb_cuda,baseline,5000000,5000,other,23.0,0.00036300000000000004,36.15999999999999,0.0046,0.07260000000000001,15.782608695652176,4.6e-06,7.260000000000002e-05
tb_cuda,baseline,5000000,5000,sync,2.0,7e-06,0.7,0.0004,0.0014,3.5,4e-07,1.4e-06
tb_cuda,baseline,5000000,10000,file_io,40.0,0.000254,25.71,0.004,0.0254,6.35,8e-06,5.08e-05
tb_cuda,baseline,5000000,10000,memory,55.0,0.000378,38.26,0.0055,0.0378,6.872727272727273,1.1e-05,7.56e-05
tb_cuda,baseline,5000000,10000,other,23.0,0.00035000000000000005,35.399999999999984,0.0023,0.035,15.217391304347828,4.6e-06,7.000000000000001e-05
tb_cuda,baseline,5000000,10000,sync,2.0,6e-06,0.61,0.0002,0.0006,3.0,4e-07,1.2e-06
tb_cuda,baseline,5000000,50000,file_io,40.0,0.00024100000000000003,31.130000000000003,0.0008,0.0048200000000000005,6.025,8e-06,4.8200000000000006e-05
tb_cuda,baseline,5000000,50000,memory,55.0,0.00039200000000000004,50.65,0.0011,0.007840000000000001,7.127272727272728,1.1e-05,7.840000000000001e-05
tb_cuda,baseline,5000000,50000,other,23.0,0.00013399999999999998,17.330000000000002,0.00046,0.0026799999999999992,5.8260869565217375,4.6e-06,2.6799999999999994e-05
tb_cuda,baseline,5000000,50000,sync,2.0,7e-06,0.9,4e-05,0.00014,3.5,4e-07,1.4e-06
tb_cuda,baseline,5000000,100000,file_io,40.0,0.0,0.0,0.0004,0.0,0.0,8e-06,0.0
tb_cuda,baseline,5000000,100000,memory,55.0,0.0,0.0,0.00055,0.0,0.0,1.1e-05,0.0
tb_cuda,baseline,5000000,100000,other,23.0,0.0,0.0,0.00023,0.0,0.0,4.6e-06,0.0
tb_cuda,baseline,5000000,100000,sync,2.0,0.0,0.0,2e-05,0.0,0.0,4e-07,0.0
tb_cuda,baseline,7500000,100,file_io,40.0,0.000241,27.08,0.4,2.41,6.025,5.333333333333334e-06,3.213333333333333e-05
tb_cuda,baseline,7500000,100,memory,55.0,0.00030800000000000006,34.61,0.55,3.0800000000000005,5.600000000000001,7.333333333333333e-06,4.106666666666667e-05
tb_cuda,baseline,7500000,100,other,23.0,0.00034100000000000005,38.320000000000014,0.23,3.4100000000000006,14.826086956521742,3.066666666666667e-06,4.5466666666666676e-05
tb_cuda,baseline,7500000,100,sync,2.0,0.0,0.0,0.02,0.0,0.0,2.6666666666666667e-07,0.0
tb_cuda,baseline,7500000,5000,file_io,40.0,0.0,0.0,0.008,0.0,0.0,5.333333333333334e-06,0.0
tb_cuda,baseline,7500000,5000,memory,55.0,0.0,0.0,0.011,0.0,0.0,7.333333333333333e-06,0.0
tb_cuda,baseline,7500000,5000,other,23.0,0.0,0.0,0.0046,0.0,0.0,3.066666666666667e-06,0.0
tb_cuda,baseline,7500000,5000,sync,2.0,0.0,0.0,0.0004,0.0,0.0,2.6666666666666667e-07,0.0
tb_cuda,baseline,7500000,10000,file_io,40.0,0.00023600000000000002,24.289999999999996,0.004,0.023600000000000003,5.9,5.333333333333334e-06,3.146666666666667e-05
tb_cuda,baseline,7500000,10000,memory,55.0,0.000388,39.91,0.0055,0.0388,7.054545454545455,7.333333333333333e-06,5.1733333333333335e-05
tb_cuda,baseline,7500000,10000,other,23.0,0.00034100000000000005,35.07999999999999,0.0023,0.034100000000000005,14.826086956521742,3.066666666666667e-06,4.5466666666666676e-05
tb_cuda,baseline,7500000,10000,sync,2.0,7e-06,0.72,0.0002,0.0007,3.5,2.6666666666666667e-07,9.333333333333333e-07
tb_cuda,baseline,7500000,50000,file_io,40.0,0.0,0.0,0.0008,0.0,0.0,5.333333333333334e-06,0.0
tb_cuda,baseline,7500000,50000,memory,55.0,0.0,0.0,0.0011,0.0,0.0,7.333333333333333e-06,0.0
tb_cuda,baseline,7500000,50000,other,23.0,0.0,0.0,0.00046,0.0,0.0,3.066666666666667e-06,0.0
tb_cuda,baseline,7500000,50000,sync,2.0,0.0,0.0,4e-05,0.0,0.0,2.6666666666666667e-07,0.0
tb_cuda,baseline,7500000,100000,file_io,40.0,0.000237,25.049999999999997,0.0004,0.00237,5.925,5.333333333333334e-06,3.16e-05
tb_cuda,baseline,7500000,100000,memory,55.0,0.00038800000000000005,41.02,0.00055,0.0038800000000000006,7.054545454545456,7.333333333333333e-06,5.173333333333334e-05
tb_cuda,baseline,7500000,100000,other,23.0,0.00031299999999999996,33.08,0.00023,0.0031299999999999995,13.60869565217391,3.066666666666667e-06,4.173333333333333e-05
tb_cuda,baseline,7500000,100000,sync,2.0,8e-06,0.85,2e-05,8e-05,4.0,2.6666666666666667e-07,1.0666666666666667e-06
tb_cuda,baseline,10000000,100,file_io,40.0,0.00028199999999999997,25.57,0.4,2.8199999999999994,7.049999999999999,4e-06,2.8199999999999994e-05
tb_cuda,baseline,10000000,100,memory,55.0,0.00045799999999999997,41.52,0.55,4.579999999999999,8.327272727272726,5.5e-06,4.5799999999999995e-05
tb_cuda,baseline,10000000,100,other,23.0,0.000359,32.54,0.23,3.59,15.608695652173912,2.3e-06,3.59e-05
tb_cuda,baseline,10000000,100,sync,2.0,4e-06,0.36,0.02,0.04,2.0,2e-07,4e-07
tb_cuda,baseline,10000000,5000,file_io,40.0,0.0,0.0,0.008,0.0,0.0,4e-06,0.0
tb_cuda,baseline,10000000,5000,memory,55.0,0.0,0.0,0.011,0.0,0.0,5.5e-06,0.0
tb_cuda,baseline,10000000,5000,other,23.0,0.0,0.0,0.0046,0.0,0.0,2.3e-06,0.0
tb_cuda,baseline,10000000,5000,sync,2.0,0.0,0.0,0.0004,0.0,0.0,2e-07,0.0
tb_cuda,baseline,10000000,10000,file_io,40.0,0.000255,25.879999999999995,0.004,0.025500000000000002,6.375000000000001,4e-06,2.5500000000000003e-05
tb_cuda,baseline,10000000,10000,memory,55.0,0.0003740000000000001,37.980000000000004,0.0055,0.03740000000000001,6.8000000000000025,5.5e-06,3.7400000000000015e-05
tb_cuda,baseline,10000000,10000,other,23.0,0.0003559999999999999,36.15999999999998,0.0023,0.03559999999999999,15.478260869565215,2.3e-06,3.559999999999999e-05
tb_cuda,baseline,10000000,10000,sync,2.0,0.0,0.0,0.0002,0.0,0.0,2e-07,0.0
tb_cuda,baseline,10000000,50000,file_io,40.0,6.500000000000001e-05,19.64,0.0008,0.0013000000000000004,1.6250000000000004,4e-06,6.500000000000001e-06
tb_cuda,baseline,10000000,50000,memory,55.0,0.00022700000000000002,68.58,0.0011,0.004540000000000001,4.127272727272728,5.5e-06,2.2700000000000003e-05
tb_cuda,baseline,10000000,50000,other,23.0,3.2999999999999996e-05,9.99,0.00046,0.0006599999999999999,1.4347826086956519,2.3e-06,3.2999999999999993e-06
tb_cuda,baseline,10000000,50000,sync,2.0,6e-06,1.81,4e-05,0.00012,3.0,2e-07,6e-07
tb_cuda,baseline,10000000,100000,file_io,40.0,0.00024999999999999995,24.71,0.0004,0.0024999999999999996,6.249999999999998,4e-06,2.4999999999999994e-05
tb_cuda,baseline,10000000,100000,memory,55.0,0.0004,39.53,0.00055,0.004,7.2727272727272725,5.5e-06,4e-05
tb_cuda,baseline,10000000,100000,other,23.0,0.000355,35.08999999999999,0.00023,0.00355,15.434782608695652,2.3e-06,3.55e-05
tb_cuda,baseline,10000000,100000,sync,2.0,7e-06,0.69,2e-05,7e-05,3.5,2e-07,7e-07
tb_cuda,kernels,1000000,100,file_io,40.0,0.00023400000000000002,34.120000000000005,0.4,2.3400000000000003,5.8500000000000005,4e-05,0.00023400000000000002
tb_cuda,kernels,1000000,100,memory,55.0,0.000369,53.79,0.55,3.69,6.709090909090909,5.5e-05,0.000369
tb_cuda,kernels,1000000,100,other,23.0,7.500000000000002e-05,10.929999999999998,0.23,0.7500000000000001,3.260869565217392,2.3e-05,7.500000000000002e-05
tb_cuda,kernels,1000000,100,sync,2.0,8e-06,1.17,0.02,0.08,4.0,2e-06,8e-06
tb_cuda,kernels,1000000,5000,file_io,40.0,0.00013900000000000002,29.08,0.008,0.027800000000000005,3.4750000000000005,4e-05,0.00013900000000000002
tb_cuda,kernels,1000000,5000,memory,55.0,0.00028799999999999995,60.25,0.011,0.05759999999999999,5.236363636363635,5.5e-05,0.00028799999999999995
tb_cuda,kernels,1000000,5000,other,23.0,4.2999999999999995e-05,9.01,0.0046,0.008599999999999998,1.869565217391304,2.3e-05,4.2999999999999995e-05
tb_cuda,kernels,1000000,5000,sync,2.0,8e-06,1.67,0.0004,0.0016,4.0,2e-06,8e-06
tb_cuda,kernels,1000000,10000,file_io,40.0,0.000141,29.74,0.004,0.0141,3.525,4e-05,0.000141
tb_cuda,kernels,1000000,10000,memory,55.0,0.000284,59.91,0.0055,0.0284,5.163636363636364,5.5e-05,0.000284
tb_cuda,kernels,1000000,10000,other,23.0,4.199999999999999e-05,8.84,0.0023,0.004199999999999999,1.8260869565217388,2.3e-05,4.199999999999999e-05
tb_cuda,kernels,1000000,10000,sync,2.0,7e-06,1.48,0.0002,0.0007,3.5,2e-06,7e-06
tb_cuda,kernels,1000000,50000,file_io,40.0,2.8e-05,13.149999999999999,0.0008,0.00056,0.7,4e-05,2.8e-05
tb_cuda,kernels,1000000,50000,memory,55.0,0.00014900000000000002,69.96000000000001,0.0011,0.0029800000000000004,2.7090909090909094,5.5e-05,0.00014900000000000002
tb_cuda,kernels,1000000,50000,other,23.0,2.7999999999999996e-05,13.16,0.00046,0.00056,1.217391304347826,2.3e-05,2.7999999999999996e-05
tb_cuda,kernels,1000000,50000,sync,2.0,8e-06,3.76,4e-05,0.00016,4.0,2e-06,8e-06
tb_cuda,kernels,1000000,100000,file_io,40.0,0.0,0.0,0.0004,0.0,0.0,4e-05,0.0
tb_cuda,kernels,1000000,100000,memory,55.0,0.0,0.0,0.00055,0.0,0.0,5.5e-05,0.0
tb_cuda,kernels,1000000,100000,other,23.0,0.0,0.0,0.00023,0.0,0.0,2.3e-05,0.0
tb_cuda,kernels,1000000,100000,sync,2.0,0.0,0.0,2e-05,0.0,0.0,2e-06,0.0
tb_cuda,kernels,2500000,100,file_io,40.0,0.0,0.0,0.4,0.0,0.0,1.6e-05,0.0
tb_cuda,kernels,2500000,100,memory,55.0,9e-06,45.0,0.55,0.09,0.16363636363636364,2.2e-05,3.6e-06
tb_cuda,kernels,2500000,100,other,23.0,4e-06,20.0,0.23,0.04,0.17391304347826086,9.2e-06,1.6e-06
tb_cuda,kernels,2500000,100,sync,2.0,7e-06,35.0,0.02,0.07,3.5,8e-07,2.8e-06
tb_cuda,kernels,2500000,5000,file_io,40.0,0.000237,25.490000000000002,0.008,0.0474,5.925,1.6e-05,9.48e-05
tb_cuda,kernels,2500000,5000,memory,55.0,0.00038,40.86,0.011,0.076,6.909090909090909,2.2e-05,0.000152
tb_cuda,kernels,2500000,5000,other,23.0,0.000305,32.79,0.0046,0.061,13.26086956521739,9.2e-06,0.000122
tb_cuda,kernels,2500000,5000,sync,2.0,8e-06,0.86,0.0004,0.0016,4.0,8e-07,3.2e-06
tb_cuda,kernels,2500000,10000,file_io,40.0,0.00011099999999999999,27.809999999999995,0.004,0.011099999999999999,2.7749999999999995,1.6e-05,4.4399999999999995e-05
tb_cuda,kernels,2500000,10000,memory,55.0,0.00024099999999999998,60.41,0.0055,0.024099999999999996,4.381818181818181,2.2e-05,9.639999999999999e-05
tb_cuda,kernels,2500000,10000,other,23.0,3.9999999999999996e-05,10.01,0.0023,0.004,1.7391304347826086,9.2e-06,1.6e-05
tb_cuda,kernels,2500000,10000,sync,2.0,7e-06,1.75,0.0002,0.0007,3.5,8e-07,2.8e-06
tb_cuda,kernels,2500000,50000,file_io,40.0,2.4999999999999998e-05,13.08,0.0008,0.0004999999999999999,0.6249999999999999,1.6e-05,9.999999999999999e-06
tb_cuda,kernels,2500000,50000,memory,55.0,0.000136,71.21,0.0011,0.00272,2.4727272727272727,2.2e-05,5.44e-05
tb_cuda,kernels,2500000,50000,other,23.0,2.4e-05,12.55,0.00046,0.00048,1.0434782608695652,9.2e-06,9.6e-06
tb_cuda,kernels,2500000,50000,sync,2.0,6e-06,3.14,4e-05,0.00012,3.0,8e-07,2.4e-06
tb_cuda,kernels,2500000,100000,file_io,40.0,0.0,0.0,0.0004,0.0,0.0,1.6e-05,0.0
tb_cuda,kernels,2500000,100000,memory,55.0,1.7e-05,54.84,0.00055,0.00017,0.3090909090909091,2.2e-05,6.8e-06
tb_cuda,kernels,2500000,100000,other,23.0,7e-06,22.58,0.00023,7e-05,0.30434782608695654,9.2e-06,2.8e-06
tb_cuda,kernels,2500000,100000,sync,2.0,7e-06,22.58,2e-05,7e-05,3.5,8e-07,2.8e-06
tb_cuda,kernels,5000000,100,file_io,40.0,0.000229,35.9,0.4,2.29,5.725,8e-06,4.58e-05
tb_cuda,kernels,5000000,100,memory,55.0,0.00034,53.29,0.55,3.4,6.181818181818182,1.1e-05,6.8e-05
tb_cuda,kernels,5000000,100,other,23.0,6.600000000000002e-05,10.350000000000003,0.23,0.6600000000000001,2.869565217391305,4.6e-06,1.3200000000000002e-05
tb_cuda,kernels,5000000,100,sync,2.0,3e-06,0.47,0.02,0.03,1.5,4e-07,6e-07
tb_cuda,kernels,5000000,5000,file_io,40.0,0.0,0.0,0.008,0.0,0.0,8e-06,0.0
tb_cuda,kernels,5000000,5000,memory,55.0,3.3e-05,68.75,0.011,0.0066,0.6,1.1e-05,6.6e-06
tb_cuda,kernels,5000000,5000,other,23.0,8e-06,16.66,0.0046,0.0016,0.34782608695652173,4.6e-06,1.6e-06
tb_cuda,kernels,5000000,5000,sync,2.0,7e-06,14.58,0.0004,0.0014,3.5,4e-07,1.4e-06
tb_cuda,kernels,5000000,10000,file_io,40.0,0.0,0.0,0.004,0.0,0.0,8e-06,0.0
tb_cuda,kernels,5000000,10000,memory,55.0,0.0,0.0,0.0055,0.0,0.0,1.1e-05,0.0
tb_cuda,kernels,5000000,10000,other,23.0,0.0,0.0,0.0023,0.0,0.0,4.6e-06,0.0
tb_cuda,kernels,5000000,10000,sync,2.0,0.0,0.0,0.0002,0.0,0.0,4e-07,0.0
tb_cuda,kernels,5000000,50000,file_io,40.0,0.0,0.0,0.0008,0.0,0.0,8e-06,0.0
tb_cuda,kernels,5000000,50000,memory,55.0,0.0,0.0,0.0011,0.0,0.0,1.1e-05,0.0
tb_cuda,kernels,5000000,50000,other,23.0,0.0,0.0,0.00046,0.0,0.0,4.6e-06,0.0
tb_cuda,kernels,5000000,50000,sync,2.0,0.0,0.0,4e-05,0.0,0.0,4e-07,0.0
tb_cuda,kernels,5000000,100000,file_io,40.0,0.000105,26.25,0.0004,0.00105,2.625,8e-06,2.1e-05
tb_cuda,kernels,5000000,100000,memory,55.0,0.000249,62.25,0.00055,0.0024899999999999996,4.5272727272727264,1.1e-05,4.98e-05
tb_cuda,kernels,5000000,100000,other,23.0,3.9999999999999996e-05,10.0,0.00023,0.0004,1.7391304347826086,4.6e-06,8e-06
tb_cuda,kernels,5000000,100000,sync,2.0,6e-06,1.5,2e-05,6e-05,3.0,4e-07,1.2e-06
tb_cuda,kernels,7500000,100,file_io,40.0,0.0,0.0,0.4,0.0,0.0,5.333333333333334e-06,0.0
tb_cuda,kernels,7500000,100,memory,55.0,0.0,0.0,0.55,0.0,0.0,7.333333333333333e-06,0.0
tb_cuda,kernels,7500000,100,other,23.0,0.0,0.0,0.23,0.0,0.0,3.066666666666667e-06,0.0
tb_cuda,kernels,7500000,100,sync,2.0,0.0,0.0,0.02,0.0,0.0,2.6666666666666667e-07,0.0
tb_cuda,kernels,7500000,5000,file_io,40.0,0.000257,24.73,0.008,0.0514,6.425,5.333333333333334e-06,3.426666666666667e-05
tb_cuda,kernels,7500000,5000,memory,55.0,0.000398,38.3,0.011,0.0796,7.236363636363636,7.333333333333333e-06,5.3066666666666665e-05
tb_cuda,kernels,7500000,5000,other,23.0,0.00037799999999999997,36.37000000000001,0.0046,0.0756,16.434782608695652,3.066666666666667e-06,5.04e-05
tb_cuda,kernels,7500000,5000,sync,2.0,6e-06,0.58,0.0004,0.0012,3.0,2.6666666666666667e-07,8e-07
tb_cuda,kernels,7500000,10000,file_io,40.0,0.000267,25.46,0.004,0.0267,6.675,5.333333333333334e-06,3.56e-05
tb_cuda,kernels,7500000,10000,memory,55.0,0.00040299999999999993,38.42,0.0055,0.040299999999999996,7.327272727272726,7.333333333333333e-06,5.373333333333332e-05
tb_cuda,kernels,7500000,10000,other,23.0,0.00037200000000000004,35.470000000000006,0.0023,0.037200000000000004,16.17391304347826,3.066666666666667e-06,4.9600000000000006e-05
tb_cuda,kernels,7500000,10000,sync,2.0,7e-06,0.67,0.0002,0.0007,3.5,2.6666666666666667e-07,9.333333333333333e-07
tb_cuda,kernels,7500000,50000,file_io,40.0,3.7999999999999995e-05,16.81,0.0008,0.0007599999999999998,0.9499999999999998,5.333333333333334e-06,5.066666666666666e-06
tb_cuda,kernels,7500000,50000,memory,55.0,0.00015099999999999998,66.81,0.0011,0.0030199999999999992,2.745454545454545,7.333333333333333e-06,2.013333333333333e-05
tb_cuda,kernels,7500000,50000,other,23.0,2.8999999999999993e-05,12.84,0.00046,0.0005799999999999999,1.260869565217391,3.066666666666667e-06,3.8666666666666655e-06
tb_cuda,kernels,7500000,50000,sync,2.0,8e-06,3.54,4e-05,0.00016,4.0,2.6666666666666667e-07,1.0666666666666667e-06
tb_cuda,kernels,7500000,100000,file_io,40.0,0.000142,28.580000000000002,0.0004,0.00142,3.55,5.333333333333334e-06,1.8933333333333334e-05
tb_cuda,kernels,7500000,100000,memory,55.0,0.00030100000000000005,60.56,0.00055,0.0030100000000000005,5.4727272727272736,7.333333333333333e-06,4.013333333333334e-05
tb_cuda,kernels,7500000,100000,other,23.0,4.5e-05,9.03,0.00023,0.00045,1.9565217391304348,3.066666666666667e-06,6e-06
tb_cuda,kernels,7500000,100000,sync,2.0,9e-06,1.81,2e-05,9e-05,4.5,2.6666666666666667e-07,1.2e-06
tb_cuda,kernels,10000000,100,file_io,40.0,2.3e-05,11.27,0.4,0.23,0.575,4e-06,2.3e-06
tb_cuda,kernels,10000000,100,memory,55.0,0.00014700000000000002,72.05,0.55,1.4700000000000002,2.6727272727272733,5.5e-06,1.4700000000000003e-05
tb_cuda,kernels,10000000,100,other,23.0,2.5999999999999995e-05,12.740000000000002,0.23,0.25999999999999995,1.1304347826086956,2.3e-06,2.5999999999999997e-06
tb_cuda,kernels,10000000,100,sync,2.0,8e-06,3.92,0.02,0.08,4.0,2e-07,8e-07
tb_cuda,kernels,10000000,5000,file_io,40.0,0.00023700000000000001,35.959999999999994,0.008,0.047400000000000005,5.925000000000001,4e-06,2.3700000000000003e-05
tb_cuda,kernels,10000000,5000,memory,55.0,0.00033700000000000006,51.150000000000006,0.011,0.06740000000000002,6.127272727272728,5.5e-06,3.3700000000000006e-05
tb_cuda,kernels,10000000,5000,other,23.0,8.500000000000002e-05,12.910000000000004,0.0046,0.017,3.695652173913044,2.3e-06,8.500000000000002e-06
tb_cuda,kernels,10000000,5000,sync,2.0,0.0,0.0,0.0004,0.0,0.0,2e-07,0.0
tb_cuda,kernels,10000000,10000,file_io,40.0,0.00024599999999999996,30.189999999999998,0.004,0.024599999999999997,6.1499999999999995,4e-06,2.4599999999999998e-05
tb_cuda,kernels,10000000,10000,memory,55.0,0.000419,51.410000000000004,0.0055,0.0419,7.618181818181818,5.5e-06,4.19e-05
tb_cuda,kernels,10000000,10000,other,23.0,0.00013999999999999996,17.18,0.0023,0.013999999999999997,6.086956521739129,2.3e-06,1.3999999999999996e-05
tb_cuda,kernels,10000000,10000,sync,2.0,1e-05,1.23,0.0002,0.001,5.0,2e-07,1e-06
tb_cuda,kernels,10000000,50000,file_io,40.0,0.0,0.0,0.0008,0.0,0.0,4e-06,0.0
tb_cuda,kernels,10000000,50000,memory,55.0,0.0,0.0,0.0011,0.0,0.0,5.5e-06,0.0
tb_cuda,kernels,10000000,50000,other,23.0,0.0,0.0,0.00046,0.0,0.0,2.3e-06,0.0
tb_cuda,kernels,10000000,50000,sync,2.0,0.0,0.0,4e-05,0.0,0.0,2e-07,0.0
tb_cuda,kernels,10000000,100000,file_io,40.0,0.000251,27.280000000000005,0.0004,0.0025099999999999996,6.2749999999999995,4e-06,2.5099999999999997e-05
tb_cuda,kernels,10000000,100000,memory,55.0,0.00031,33.69,0.00055,0.0031,5.636363636363637,5.5e-06,3.1e-05
tb_cuda,kernels,10000000,100000,other,23.0,0.00035900000000000005,39.03999999999999,0.00023,0.0035900000000000007,15.608695652173916,2.3e-06,3.5900000000000005e-05
tb_cuda,kernels,10000000,100000,sync,2.0,0.0,0.0,2e-05,0.0,0.0,2e-07,0.0
